INSERT INTO `cia1`(
  `Reg_no`, `student_name`, `coursecode`, 
  `sem`, `section`, `dept`, `staffid`, 
  `q1`, `q2`, `q3`, `q4`, `q5`, `q6`, 
  `q7`, `q8`, `q9`, `q10`, `q11`, `q12`, 
  `q13`
) 
VALUES 
  (
    '120003001', 'Aakash Mahalingam', 
    'BCSCCS601R03', '6', 'B', 'CSE', 'C1763', 
    '0.5', '2', '1.5', '1.5', '1.5', '1.5', 
    '2', '2', '2', '2', '8', '8.5', '9.5'
  );
INSERT INTO `cia1`(
  `Reg_no`, `student_name`, `coursecode`, 
  `sem`, `section`, `dept`, `staffid`, 
  `q1`, `q2`, `q3`, `q4`, `q5`, `q6`, 
  `q7`, `q8`, `q9`, `q10`, `q11`, `q12`, 
  `q13`
) 
VALUES 
  (
    '120003003', 'Abhinaya K', 'BCSCCS601R03', 
    '6', 'B', 'CSE', 'C1763', '0', '2', 
    '1.5', '2', '1.5', '0.5', '0', '2', 
    '0.5', '2', '10', '8.5', '10'
  );
INSERT INTO `cia1`(
  `Reg_no`, `student_name`, `coursecode`, 
  `sem`, `section`, `dept`, `staffid`, 
  `q1`, `q2`, `q3`, `q4`, `q5`, `q6`, 
  `q7`, `q8`, `q9`, `q10`, `q11`, `q12`, 
  `q13`
) 
VALUES 
  (
    '120003004', 'Abhishek Kumar S', 
    'BCSCCS601R03', '6', 'B', 'CSE', 'C1763', 
    '1.5', '1.5', '1.5', '1.5', '1', '2', 
    '2', '2', '1.5', '2', '7.5', '7.5', 
    '10'
  );
INSERT INTO `cia1`(
  `Reg_no`, `student_name`, `coursecode`, 
  `sem`, `section`, `dept`, `staffid`, 
  `q1`, `q2`, `q3`, `q4`, `q5`, `q6`, 
  `q7`, `q8`, `q9`, `q10`, `q11`, `q12`, 
  `q13`
) 
VALUES 
  (
    '120003005', 'Abhishek P', 'BCSCCS601R03', 
    '6', 'B', 'CSE', 'C1763', '0', '1.5', 
    '1', '1', '1.5', '0.5', '1.5', '2', 
    '2', '2', '9.5', '8.5', '9.5'
  );
INSERT INTO `cia1`(
  `Reg_no`, `student_name`, `coursecode`, 
  `sem`, `section`, `dept`, `staffid`, 
  `q1`, `q2`, `q3`, `q4`, `q5`, `q6`, 
  `q7`, `q8`, `q9`, `q10`, `q11`, `q12`, 
  `q13`
) 
VALUES 
  (
    '120003008', 'Adithya Natarajan', 
    'BCSCCS601R03', '6', 'B', 'CSE', 'C1763', 
    '1.5', '2', '1.5', '1.5', '2', '1.5', 
    '2', '1.5', '2', '2', '10', '9', '8.5'
  );
INSERT INTO `cia1`(
  `Reg_no`, `student_name`, `coursecode`, 
  `sem`, `section`, `dept`, `staffid`, 
  `q1`, `q2`, `q3`, `q4`, `q5`, `q6`, 
  `q7`, `q8`, `q9`, `q10`, `q11`, `q12`, 
  `q13`
) 
VALUES 
  (
    '120003013', 'Ajay Shrivatsan V', 
    'BCSCCS601R03', '6', 'B', 'CSE', 'C1763', 
    '0', '1', '1.5', '1.5', '1', '2', '2', 
    '0', '1', '2', '9.5', '9', '10'
  );
INSERT INTO `cia1`(
  `Reg_no`, `student_name`, `coursecode`, 
  `sem`, `section`, `dept`, `staffid`, 
  `q1`, `q2`, `q3`, `q4`, `q5`, `q6`, 
  `q7`, `q8`, `q9`, `q10`, `q11`, `q12`, 
  `q13`
) 
VALUES 
  (
    '120003021', 'Aneesha Afra A', 'BCSCCS601R03', 
    '6', 'B', 'CSE', 'C1763', '1.5', '2', 
    '2', '1.5', '2', '1', '1.5', '2', '2', 
    '2', '9.5', '9', '10'
  );
INSERT INTO `cia1`(
  `Reg_no`, `student_name`, `coursecode`, 
  `sem`, `section`, `dept`, `staffid`, 
  `q1`, `q2`, `q3`, `q4`, `q5`, `q6`, 
  `q7`, `q8`, `q9`, `q10`, `q11`, `q12`, 
  `q13`
) 
VALUES 
  (
    '120003026', 'Anuradha B', 'BCSCCS601R03', 
    '6', 'B', 'CSE', 'C1763', '0', '0', 
    '0', '0', '0', '0', '0', '0', '0', '0', 
    '0', '0', '0'
  );
INSERT INTO `cia1`(
  `Reg_no`, `student_name`, `coursecode`, 
  `sem`, `section`, `dept`, `staffid`, 
  `q1`, `q2`, `q3`, `q4`, `q5`, `q6`, 
  `q7`, `q8`, `q9`, `q10`, `q11`, `q12`, 
  `q13`
) 
VALUES 
  (
    '120003041', 'Avulapati Bharath Chowdary', 
    'BCSCCS601R03', '6', 'B', 'CSE', 'C1763', 
    '2', '1.5', '1.5', '1.5', '1', '2', 
    '1.5', '0', '2', '2', '9.5', '9.5', 
    '10'
  );
INSERT INTO `cia1`(
  `Reg_no`, `student_name`, `coursecode`, 
  `sem`, `section`, `dept`, `staffid`, 
  `q1`, `q2`, `q3`, `q4`, `q5`, `q6`, 
  `q7`, `q8`, `q9`, `q10`, `q11`, `q12`, 
  `q13`
) 
VALUES 
  (
    '120003046', 'Bejjipuram Sai Siva Teja', 
    'BCSCCS601R03', '6', 'B', 'CSE', 'C1763', 
    '0', '1', '1.5', '2', '1.5', '1', '2', 
    '2', '1', '2', '8', '8.5', '10'
  );
INSERT INTO `cia1`(
  `Reg_no`, `student_name`, `coursecode`, 
  `sem`, `section`, `dept`, `staffid`, 
  `q1`, `q2`, `q3`, `q4`, `q5`, `q6`, 
  `q7`, `q8`, `q9`, `q10`, `q11`, `q12`, 
  `q13`
) 
VALUES 
  (
    '120003052', 'Bommi Reddy Nithish Kumar', 
    'BCSCCS601R03', '6', 'B', 'CSE', 'C1763', 
    '1.5', '1', '1.5', '2', '2', '1.5', 
    '1', '2', '1', '2', '7.5', '9.5', '10'
  );
INSERT INTO `cia1`(
  `Reg_no`, `student_name`, `coursecode`, 
  `sem`, `section`, `dept`, `staffid`, 
  `q1`, `q2`, `q3`, `q4`, `q5`, `q6`, 
  `q7`, `q8`, `q9`, `q10`, `q11`, `q12`, 
  `q13`
) 
VALUES 
  (
    '120003055', 'Buvni N', 'BCSCCS601R03', 
    '6', 'B', 'CSE', 'C1763', '0', '1', 
    '1.5', '1.5', '0.5', '1', '2', '0.5', 
    '1', '2', '9.5', '7.5', '6.5'
  );
INSERT INTO `cia1`(
  `Reg_no`, `student_name`, `coursecode`, 
  `sem`, `section`, `dept`, `staffid`, 
  `q1`, `q2`, `q3`, `q4`, `q5`, `q6`, 
  `q7`, `q8`, `q9`, `q10`, `q11`, `q12`, 
  `q13`
) 
VALUES 
  (
    '120003057', 'Chaithanya Gandu', 
    'BCSCCS601R03', '6', 'B', 'CSE', 'C1763', 
    '0.5', '1', '0.5', '1', '1', '2', '2', 
    '0', '0.5', '2', '7', '8.5', '9.5'
  );
INSERT INTO `cia1`(
  `Reg_no`, `student_name`, `coursecode`, 
  `sem`, `section`, `dept`, `staffid`, 
  `q1`, `q2`, `q3`, `q4`, `q5`, `q6`, 
  `q7`, `q8`, `q9`, `q10`, `q11`, `q12`, 
  `q13`
) 
VALUES 
  (
    '120003058', 'Chakradhara Rao Gatti', 
    'BCSCCS601R03', '6', 'B', 'CSE', 'C1763', 
    '0.5', '1.5', '0.5', '2', '1', '1', 
    '0', '1.5', '2', '2', '9', '7.5', '8'
  );
INSERT INTO `cia1`(
  `Reg_no`, `student_name`, `coursecode`, 
  `sem`, `section`, `dept`, `staffid`, 
  `q1`, `q2`, `q3`, `q4`, `q5`, `q6`, 
  `q7`, `q8`, `q9`, `q10`, `q11`, `q12`, 
  `q13`
) 
VALUES 
  (
    '120003072', 'Danabala Naveen Srinivas', 
    'BCSCCS601R03', '6', 'B', 'CSE', 'C1763', 
    '2', '2', '2', '2', '2', '1.5', '2', 
    '2', '2', '2', '10', '4.5', '9'
  );
INSERT INTO `cia1`(
  `Reg_no`, `student_name`, `coursecode`, 
  `sem`, `section`, `dept`, `staffid`, 
  `q1`, `q2`, `q3`, `q4`, `q5`, `q6`, 
  `q7`, `q8`, `q9`, `q10`, `q11`, `q12`, 
  `q13`
) 
VALUES 
  (
    '120003075', 'Darshan S', 'BCSCCS601R03', 
    '6', 'B', 'CSE', 'C1763', '2', '2', 
    '1.5', '2', '2', '2', '1.5', '2', '2', 
    '2', '9', '9', '59.5'
  );
INSERT INTO `cia1`(
  `Reg_no`, `student_name`, `coursecode`, 
  `sem`, `section`, `dept`, `staffid`, 
  `q1`, `q2`, `q3`, `q4`, `q5`, `q6`, 
  `q7`, `q8`, `q9`, `q10`, `q11`, `q12`, 
  `q13`
) 
VALUES 
  (
    '120003078', 'Dhanooram N', 'BCSCCS601R03', 
    '6', 'B', 'CSE', 'C1763', '1.5', '1.5', 
    '2', '1', '1.5', '1.5', '2', '1.5', 
    '1', '2', '9.5', '9', '10'
  );
INSERT INTO `cia1`(
  `Reg_no`, `student_name`, `coursecode`, 
  `sem`, `section`, `dept`, `staffid`, 
  `q1`, `q2`, `q3`, `q4`, `q5`, `q6`, 
  `q7`, `q8`, `q9`, `q10`, `q11`, `q12`, 
  `q13`
) 
VALUES 
  (
    '120003079', 'Dhanya V S', 'BCSCCS601R03', 
    '6', 'B', 'CSE', 'C1763', '1.5', '2', 
    '1', '1', '2', '0.5', '2', '1', '1', 
    '0', '9.5', '7.5', '6'
  );
INSERT INTO `cia1`(
  `Reg_no`, `student_name`, `coursecode`, 
  `sem`, `section`, `dept`, `staffid`, 
  `q1`, `q2`, `q3`, `q4`, `q5`, `q6`, 
  `q7`, `q8`, `q9`, `q10`, `q11`, `q12`, 
  `q13`
) 
VALUES 
  (
    '120003081', 'Dheeban A', 'BCSCCS601R03', 
    '6', 'B', 'CSE', 'C1763', '0', '1.5', 
    '1', '0', '2', '2', '1.5', '0', '0', 
    '0', '8', '7', '10'
  );
INSERT INTO `cia1`(
  `Reg_no`, `student_name`, `coursecode`, 
  `sem`, `section`, `dept`, `staffid`, 
  `q1`, `q2`, `q3`, `q4`, `q5`, `q6`, 
  `q7`, `q8`, `q9`, `q10`, `q11`, `q12`, 
  `q13`
) 
VALUES 
  (
    '120003088', 'Gajavalli Vamsi Krishna', 
    'BCSCCS601R03', '6', 'B', 'CSE', 'C1763', 
    '0.5', '1.5', '1.5', '1.5', '0', '1.5', 
    '1', '1.5', '2', '2', '8.5', '9', '9'
  );
INSERT INTO `cia1`(
  `Reg_no`, `student_name`, `coursecode`, 
  `sem`, `section`, `dept`, `staffid`, 
  `q1`, `q2`, `q3`, `q4`, `q5`, `q6`, 
  `q7`, `q8`, `q9`, `q10`, `q11`, `q12`, 
  `q13`
) 
VALUES 
  (
    '120003090', 'Gajulapalli Sajid', 
    'BCSCCS601R03', '6', 'B', 'CSE', 'C1763', 
    '1', '2', '1.5', '1', '2', '2', '2', 
    '2', '1', '2', '10', '9.5', '10'
  );
INSERT INTO `cia1`(
  `Reg_no`, `student_name`, `coursecode`, 
  `sem`, `section`, `dept`, `staffid`, 
  `q1`, `q2`, `q3`, `q4`, `q5`, `q6`, 
  `q7`, `q8`, `q9`, `q10`, `q11`, `q12`, 
  `q13`
) 
VALUES 
  (
    '120003091', 'Gandra Alekhya', 'BCSCCS601R03', 
    '6', 'B', 'CSE', 'C1763', '0.5', '1', 
    '1', '1.5', '1.5', '2', '2', '2', '1.5', 
    '2', '9', '8', '9.5'
  );
INSERT INTO `cia1`(
  `Reg_no`, `student_name`, `coursecode`, 
  `sem`, `section`, `dept`, `staffid`, 
  `q1`, `q2`, `q3`, `q4`, `q5`, `q6`, 
  `q7`, `q8`, `q9`, `q10`, `q11`, `q12`, 
  `q13`
) 
VALUES 
  (
    '120003100', 'Gowtham S', 'BCSCCS601R03', 
    '6', 'B', 'CSE', 'C1763', '0', '1', 
    '0', '1', '1', '1.5', '1', '2', '0', 
    '2', '8.5', '6', '10'
  );
INSERT INTO `cia1`(
  `Reg_no`, `student_name`, `coursecode`, 
  `sem`, `section`, `dept`, `staffid`, 
  `q1`, `q2`, `q3`, `q4`, `q5`, `q6`, 
  `q7`, `q8`, `q9`, `q10`, `q11`, `q12`, 
  `q13`
) 
VALUES 
  (
    '120003105', 'Hari M', 'BCSCCS601R03', 
    '6', 'B', 'CSE', 'C1763', '1', '1.5', 
    '1.5', '2', '1', '1.5', '1.5', '1.5', 
    '2', '2', '9', '8.5', '10'
  );
INSERT INTO `cia1`(
  `Reg_no`, `student_name`, `coursecode`, 
  `sem`, `section`, `dept`, `staffid`, 
  `q1`, `q2`, `q3`, `q4`, `q5`, `q6`, 
  `q7`, `q8`, `q9`, `q10`, `q11`, `q12`, 
  `q13`
) 
VALUES 
  (
    '120003106', 'Hari Krishnan G', 'BCSCCS601R03', 
    '6', 'B', 'CSE', 'C1763', '0.5', '2', 
    '1.5', '2', '1.5', '1', '1.5', '1.5', 
    '2', '2', '9.5', '7', '10'
  );
INSERT INTO `cia1`(
  `Reg_no`, `student_name`, `coursecode`, 
  `sem`, `section`, `dept`, `staffid`, 
  `q1`, `q2`, `q3`, `q4`, `q5`, `q6`, 
  `q7`, `q8`, `q9`, `q10`, `q11`, `q12`, 
  `q13`
) 
VALUES 
  (
    '120003107', 'Hari Narayan S', 'BCSCCS601R03', 
    '6', 'B', 'CSE', 'C1763', '0.5', '0', 
    '1', '1.5', '0', '1', '2', '0', '1', 
    '2', '3.5', '3.5', '7'
  );
INSERT INTO `cia1`(
  `Reg_no`, `student_name`, `coursecode`, 
  `sem`, `section`, `dept`, `staffid`, 
  `q1`, `q2`, `q3`, `q4`, `q5`, `q6`, 
  `q7`, `q8`, `q9`, `q10`, `q11`, `q12`, 
  `q13`
) 
VALUES 
  (
    '120003109', 'Harichandana Vejendla', 
    'BCSCCS601R03', '6', 'B', 'CSE', 'C1763', 
    '2', '1.5', '2', '1.5', '2', '2', '1.5', 
    '2', '2', '2', '10', '9.5', '10'
  );
INSERT INTO `cia1`(
  `Reg_no`, `student_name`, `coursecode`, 
  `sem`, `section`, `dept`, `staffid`, 
  `q1`, `q2`, `q3`, `q4`, `q5`, `q6`, 
  `q7`, `q8`, `q9`, `q10`, `q11`, `q12`, 
  `q13`
) 
VALUES 
  (
    '120003114', 'Harsha Nandan Divvela D N V', 
    'BCSCCS601R03', '6', 'B', 'CSE', 'C1763', 
    '0.5', '0.5', '1', '1.5', '2', '1.5', 
    '1.5', '2', '1.5', '2', '7.5', '6.5', 
    '10'
  );
INSERT INTO `cia1`(
  `Reg_no`, `student_name`, `coursecode`, 
  `sem`, `section`, `dept`, `staffid`, 
  `q1`, `q2`, `q3`, `q4`, `q5`, `q6`, 
  `q7`, `q8`, `q9`, `q10`, `q11`, `q12`, 
  `q13`
) 
VALUES 
  (
    '120003118', 'Jaikanth J', 'BCSCCS601R03', 
    '6', 'B', 'CSE', 'C1763', '0.5', '2', 
    '1.5', '0.5', '1', '1', '1.5', '2', 
    '2', '2', '9.5', '6', '10'
  );
INSERT INTO `cia1`(
  `Reg_no`, `student_name`, `coursecode`, 
  `sem`, `section`, `dept`, `staffid`, 
  `q1`, `q2`, `q3`, `q4`, `q5`, `q6`, 
  `q7`, `q8`, `q9`, `q10`, `q11`, `q12`, 
  `q13`
) 
VALUES 
  (
    '120003119', 'Jalari Sasank', 'BCSCCS601R03', 
    '6', 'B', 'CSE', 'C1763', '0', '1', 
    '0.5', '1', '0.5', '0', '0', '0', '0', 
    '2', '5', '6', '10'
  );
INSERT INTO `cia1`(
  `Reg_no`, `student_name`, `coursecode`, 
  `sem`, `section`, `dept`, `staffid`, 
  `q1`, `q2`, `q3`, `q4`, `q5`, `q6`, 
  `q7`, `q8`, `q9`, `q10`, `q11`, `q12`, 
  `q13`
) 
VALUES 
  (
    '120003126', 'Kaavya Shree S K', 
    'BCSCCS601R03', '6', 'B', 'CSE', 'C1763', 
    '2', '2', '1.5', '2', '2', '2', '2', 
    '2', '0.5', '2', '5', '8.5', '10'
  );
INSERT INTO `cia1`(
  `Reg_no`, `student_name`, `coursecode`, 
  `sem`, `section`, `dept`, `staffid`, 
  `q1`, `q2`, `q3`, `q4`, `q5`, `q6`, 
  `q7`, `q8`, `q9`, `q10`, `q11`, `q12`, 
  `q13`
) 
VALUES 
  (
    '120003127', 'Kalavakolu Muni Harsha Vardhan', 
    'BCSCCS601R03', '6', 'B', 'CSE', 'C1763', 
    '0', '1.5', '1', '2', '1', '1.5', '1.5', 
    '0.5', '2', '2', '6', '9.5', '10'
  );
INSERT INTO `cia1`(
  `Reg_no`, `student_name`, `coursecode`, 
  `sem`, `section`, `dept`, `staffid`, 
  `q1`, `q2`, `q3`, `q4`, `q5`, `q6`, 
  `q7`, `q8`, `q9`, `q10`, `q11`, `q12`, 
  `q13`
) 
VALUES 
  (
    '120003142', 'Kaushik I', 'BCSCCS601R03', 
    '6', 'B', 'CSE', 'C1763', '0.5', '2', 
    '2', '2', '2', '1.5', '0.5', '0', '1', 
    '2', '8.5', '8', '10'
  );
INSERT INTO `cia1`(
  `Reg_no`, `student_name`, `coursecode`, 
  `sem`, `section`, `dept`, `staffid`, 
  `q1`, `q2`, `q3`, `q4`, `q5`, `q6`, 
  `q7`, `q8`, `q9`, `q10`, `q11`, `q12`, 
  `q13`
) 
VALUES 
  (
    '120003157', 'Kothai Purushothaman', 
    'BCSCCS601R03', '6', 'B', 'CSE', 'C1763', 
    '0', '0', '0', '0', '0', '0', '0', '0', 
    '0', '0', '0', '0', '0'
  );
INSERT INTO `cia1`(
  `Reg_no`, `student_name`, `coursecode`, 
  `sem`, `section`, `dept`, `staffid`, 
  `q1`, `q2`, `q3`, `q4`, `q5`, `q6`, 
  `q7`, `q8`, `q9`, `q10`, `q11`, `q12`, 
  `q13`
) 
VALUES 
  (
    '120003158', 'Kothuri Mohana Venkata Mani Sekhar', 
    'BCSCCS601R03', '6', 'B', 'CSE', 'C1763', 
    '0', '1', '1.5', '2', '1', '1.5', '2', 
    '1', '0', '2', '6.5', '7', '9'
  );
INSERT INTO `cia1`(
  `Reg_no`, `student_name`, `coursecode`, 
  `sem`, `section`, `dept`, `staffid`, 
  `q1`, `q2`, `q3`, `q4`, `q5`, `q6`, 
  `q7`, `q8`, `q9`, `q10`, `q11`, `q12`, 
  `q13`
) 
VALUES 
  (
    '120003167', 'Maddula Sri Vidya', 
    'BCSCCS601R03', '6', 'B', 'CSE', 'C1763', 
    '1.5', '1.5', '1.5', '2', '2', '2', 
    '1', '1', '1', '0', '9', '5.5', '10'
  );
INSERT INTO `cia1`(
  `Reg_no`, `student_name`, `coursecode`, 
  `sem`, `section`, `dept`, `staffid`, 
  `q1`, `q2`, `q3`, `q4`, `q5`, `q6`, 
  `q7`, `q8`, `q9`, `q10`, `q11`, `q12`, 
  `q13`
) 
VALUES 
  (
    '120003181', 'Mannam Ushakiran', 
    'BCSCCS601R03', '6', 'B', 'CSE', 'C1763', 
    '1', '2', '1', '2', '0.5', '2', '1.5', 
    '0.5', '0.5', '2', '8', '8.5', '10'
  );
INSERT INTO `cia1`(
  `Reg_no`, `student_name`, `coursecode`, 
  `sem`, `section`, `dept`, `staffid`, 
  `q1`, `q2`, `q3`, `q4`, `q5`, `q6`, 
  `q7`, `q8`, `q9`, `q10`, `q11`, `q12`, 
  `q13`
) 
VALUES 
  (
    '120003189', 'Monisha R', 'BCSCCS601R03', 
    '6', 'B', 'CSE', 'C1763', '0.5', '1.5', 
    '1.5', '1.5', '2', '2', '1.5', '2', 
    '2', '2', '9.5', '8.5', '9.5'
  );
INSERT INTO `cia1`(
  `Reg_no`, `student_name`, `coursecode`, 
  `sem`, `section`, `dept`, `staffid`, 
  `q1`, `q2`, `q3`, `q4`, `q5`, `q6`, 
  `q7`, `q8`, `q9`, `q10`, `q11`, `q12`, 
  `q13`
) 
VALUES 
  (
    '120003192', 'Mummani Nuthan Naga Sai', 
    'BCSCCS601R03', '6', 'B', 'CSE', 'C1763', 
    '0.5', '1.5', '0.5', '1.5', '1.5', 
    '1.5', '2', '0', '0.5', '2', '7', '10', 
    '10'
  );
INSERT INTO `cia1`(
  `Reg_no`, `student_name`, `coursecode`, 
  `sem`, `section`, `dept`, `staffid`, 
  `q1`, `q2`, `q3`, `q4`, `q5`, `q6`, 
  `q7`, `q8`, `q9`, `q10`, `q11`, `q12`, 
  `q13`
) 
VALUES 
  (
    '120003207', 'Nibitha N', 'BCSCCS601R03', 
    '6', 'B', 'CSE', 'C1763', '0.5', '1.5', 
    '1.5', '1.5', '1.5', '1', '1', '0', 
    '2', '2', '8', '6', '10'
  );
INSERT INTO `cia1`(
  `Reg_no`, `student_name`, `coursecode`, 
  `sem`, `section`, `dept`, `staffid`, 
  `q1`, `q2`, `q3`, `q4`, `q5`, `q6`, 
  `q7`, `q8`, `q9`, `q10`, `q11`, `q12`, 
  `q13`
) 
VALUES 
  (
    '120003221', 'Pillutla Sai Sameer Sri Vastav', 
    'BCSCCS601R03', '6', 'B', 'CSE', 'C1763', 
    '0', '0', '1', '0', '0.5', '1', '0.5', 
    '0.5', '2', '2', '8', '9.5', '10'
  );
INSERT INTO `cia1`(
  `Reg_no`, `student_name`, `coursecode`, 
  `sem`, `section`, `dept`, `staffid`, 
  `q1`, `q2`, `q3`, `q4`, `q5`, `q6`, 
  `q7`, `q8`, `q9`, `q10`, `q11`, `q12`, 
  `q13`
) 
VALUES 
  (
    '120003242', 'Rajaram R', 'BCSCCS601R03', 
    '6', 'B', 'CSE', 'C1763', '2', '2', 
    '1.5', '1.5', '1.5', '1.5', '0', '2', 
    '1', '2', '8.5', '6.5', '10'
  );
INSERT INTO `cia1`(
  `Reg_no`, `student_name`, `coursecode`, 
  `sem`, `section`, `dept`, `staffid`, 
  `q1`, `q2`, `q3`, `q4`, `q5`, `q6`, 
  `q7`, `q8`, `q9`, `q10`, `q11`, `q12`, 
  `q13`
) 
VALUES 
  (
    '120003243', 'Ram Jagannath U', 'BCSCCS601R03', 
    '6', 'B', 'CSE', 'C1763', '0', '1.5', 
    '1.5', '2', '2', '1.5', '2', '2', '1.5', 
    '2', '9.5', '9', '8.5'
  );
INSERT INTO `cia1`(
  `Reg_no`, `student_name`, `coursecode`, 
  `sem`, `section`, `dept`, `staffid`, 
  `q1`, `q2`, `q3`, `q4`, `q5`, `q6`, 
  `q7`, `q8`, `q9`, `q10`, `q11`, `q12`, 
  `q13`
) 
VALUES 
  (
    '120003258', 'Redrouthu Bhanu Tejaswini', 
    'BCSCCS601R03', '6', 'B', 'CSE', 'C1763', 
    '0.5', '2', '1.5', '2', '2', '2', '2', 
    '2', '1.5', '2', '9.5', '7.5', '10'
  );
INSERT INTO `cia1`(
  `Reg_no`, `student_name`, `coursecode`, 
  `sem`, `section`, `dept`, `staffid`, 
  `q1`, `q2`, `q3`, `q4`, `q5`, `q6`, 
  `q7`, `q8`, `q9`, `q10`, `q11`, `q12`, 
  `q13`
) 
VALUES 
  (
    '120003266', 'Sanagapalli Manoj Kumar Gupta', 
    'BCSCCS601R03', '6', 'B', 'CSE', 'C1763', 
    '0.5', '1.5', '1.5', '1.5', '1', '1', 
    '2', '2', '1', '2', '5', '9', '9.5'
  );
INSERT INTO `cia1`(
  `Reg_no`, `student_name`, `coursecode`, 
  `sem`, `section`, `dept`, `staffid`, 
  `q1`, `q2`, `q3`, `q4`, `q5`, `q6`, 
  `q7`, `q8`, `q9`, `q10`, `q11`, `q12`, 
  `q13`
) 
VALUES 
  (
    '120003267', 'Sandhiya T', 'BCSCCS601R03', 
    '6', 'B', 'CSE', 'C1763', '0.5', '2', 
    '1', '1.5', '2', '1', '2', '0.5', '1', 
    '2', '8.5', '9', '10'
  );
INSERT INTO `cia1`(
  `Reg_no`, `student_name`, `coursecode`, 
  `sem`, `section`, `dept`, `staffid`, 
  `q1`, `q2`, `q3`, `q4`, `q5`, `q6`, 
  `q7`, `q8`, `q9`, `q10`, `q11`, `q12`, 
  `q13`
) 
VALUES 
  (
    '120003268', 'Sandhya G', 'BCSCCS601R03', 
    '6', 'B', 'CSE', 'C1763', '0.5', '1.5', 
    '1.5', '1.5', '1', '1', '2', '0', '1.5', 
    '2', '8.5', '8.5', '10'
  );
INSERT INTO `cia1`(
  `Reg_no`, `student_name`, `coursecode`, 
  `sem`, `section`, `dept`, `staffid`, 
  `q1`, `q2`, `q3`, `q4`, `q5`, `q6`, 
  `q7`, `q8`, `q9`, `q10`, `q11`, `q12`, 
  `q13`
) 
VALUES 
  (
    '120003274', 'Saranya R P', 'BCSCCS601R03', 
    '6', 'B', 'CSE', 'C1763', '0.5', '2', 
    '0.5', '1', '1.5', '0', '2', '1.5', 
    '1', '2', '8', '5', '9.5'
  );
INSERT INTO `cia1`(
  `Reg_no`, `student_name`, `coursecode`, 
  `sem`, `section`, `dept`, `staffid`, 
  `q1`, `q2`, `q3`, `q4`, `q5`, `q6`, 
  `q7`, `q8`, `q9`, `q10`, `q11`, `q12`, 
  `q13`
) 
VALUES 
  (
    '120003278', 'Saveri Sumadyuti Ayyagari', 
    'BCSCCS601R03', '6', 'B', 'CSE', 'C1763', 
    '0.5', '1.5', '1.5', '2', '2', '2', 
    '2', '0.5', '2', '2', '9.5', '7', '10'
  );
INSERT INTO `cia1`(
  `Reg_no`, `student_name`, `coursecode`, 
  `sem`, `section`, `dept`, `staffid`, 
  `q1`, `q2`, `q3`, `q4`, `q5`, `q6`, 
  `q7`, `q8`, `q9`, `q10`, `q11`, `q12`, 
  `q13`
) 
VALUES 
  (
    '120003282', 'Shaik Kanubai Mohammad Maheer', 
    'BCSCCS601R03', '6', 'B', 'CSE', 'C1763', 
    '0', '2', '1.5', '1', '1', '1', '1.5', 
    '0', '1', '2', '5.5', '9.5', '9.5'
  );
INSERT INTO `cia1`(
  `Reg_no`, `student_name`, `coursecode`, 
  `sem`, `section`, `dept`, `staffid`, 
  `q1`, `q2`, `q3`, `q4`, `q5`, `q6`, 
  `q7`, `q8`, `q9`, `q10`, `q11`, `q12`, 
  `q13`
) 
VALUES 
  (
    '120003296', 'Soma Venkata Sampath Kumar Reddy', 
    'BCSCCS601R03', '6', 'B', 'CSE', 'C1763', 
    '0.5', '1', '1.5', '2', '1.5', '2', 
    '2', '0', '1', '2', '10', '5', '8.5'
  );
INSERT INTO `cia1`(
  `Reg_no`, `student_name`, `coursecode`, 
  `sem`, `section`, `dept`, `staffid`, 
  `q1`, `q2`, `q3`, `q4`, `q5`, `q6`, 
  `q7`, `q8`, `q9`, `q10`, `q11`, `q12`, 
  `q13`
) 
VALUES 
  (
    '120003301', 'Sreevathsan K', 'BCSCCS601R03', 
    '6', 'B', 'CSE', 'C1763', '2', '1.5', 
    '0.5', '0.5', '1.5', '1.5', '2', '0.5', 
    '2', '2', '9.5', '8.5', '10'
  );
INSERT INTO `cia1`(
  `Reg_no`, `student_name`, `coursecode`, 
  `sem`, `section`, `dept`, `staffid`, 
  `q1`, `q2`, `q3`, `q4`, `q5`, `q6`, 
  `q7`, `q8`, `q9`, `q10`, `q11`, `q12`, 
  `q13`
) 
VALUES 
  (
    '120003306', 'Srijanani S', 'BCSCCS601R03', 
    '6', 'B', 'CSE', 'C1763', '0', '1.5', 
    '2', '0.5', '2', '2', '2', '0', '2', 
    '2', '10', '7', '9.5'
  );
INSERT INTO `cia1`(
  `Reg_no`, `student_name`, `coursecode`, 
  `sem`, `section`, `dept`, `staffid`, 
  `q1`, `q2`, `q3`, `q4`, `q5`, `q6`, 
  `q7`, `q8`, `q9`, `q10`, `q11`, `q12`, 
  `q13`
) 
VALUES 
  (
    '120003313', 'Srivattsan G', 'BCSCCS601R03', 
    '6', 'B', 'CSE', 'C1763', '0.5', '1.5', 
    '0', '2', '1.5', '0', '2', '2', '1', 
    '2', '10', '9', '9.5'
  );
INSERT INTO `cia1`(
  `Reg_no`, `student_name`, `coursecode`, 
  `sem`, `section`, `dept`, `staffid`, 
  `q1`, `q2`, `q3`, `q4`, `q5`, `q6`, 
  `q7`, `q8`, `q9`, `q10`, `q11`, `q12`, 
  `q13`
) 
VALUES 
  (
    '120003331', 'Thyarana Durgam Jashwanth', 
    'BCSCCS601R03', '6', 'B', 'CSE', 'C1763', 
    '0.5', '1.5', '1.5', '2', '1.5', '0.5', 
    '1.5', '1', '0', '2', '9.5', '7.5', 
    '9.5'
  );
INSERT INTO `cia1`(
  `Reg_no`, `student_name`, `coursecode`, 
  `sem`, `section`, `dept`, `staffid`, 
  `q1`, `q2`, `q3`, `q4`, `q5`, `q6`, 
  `q7`, `q8`, `q9`, `q10`, `q11`, `q12`, 
  `q13`
) 
VALUES 
  (
    '120003334', 'Tunuguntla Venkata Sai Krishna', 
    'BCSCCS601R03', '6', 'B', 'CSE', 'C1763', 
    '0.5', '1.5', '2', '2', '2', '1.5', 
    '2', '2', '0.5', '2', '8', '8', '10'
  );
INSERT INTO `cia1`(
  `Reg_no`, `student_name`, `coursecode`, 
  `sem`, `section`, `dept`, `staffid`, 
  `q1`, `q2`, `q3`, `q4`, `q5`, `q6`, 
  `q7`, `q8`, `q9`, `q10`, `q11`, `q12`, 
  `q13`
) 
VALUES 
  (
    '120003345', 'Vasireddy Manasa', 
    'BCSCCS601R03', '6', 'B', 'CSE', 'C1763', 
    '0.5', '1.5', '1.5', '2', '2', '2', 
    '2', '2', '2', '2', '9', '9.5', '9.5'
  );
INSERT INTO `cia1`(
  `Reg_no`, `student_name`, `coursecode`, 
  `sem`, `section`, `dept`, `staffid`, 
  `q1`, `q2`, `q3`, `q4`, `q5`, `q6`, 
  `q7`, `q8`, `q9`, `q10`, `q11`, `q12`, 
  `q13`
) 
VALUES 
  (
    '120003350', 'Venkatesh P', 'BCSCCS601R03', 
    '6', 'B', 'CSE', 'C1763', '1.5', '1.5', 
    '0', '0', '2', '1.5', '1.5', '1', '1.5', 
    '2', '9.5', '8', '9.5'
  );
INSERT INTO `cia1`(
  `Reg_no`, `student_name`, `coursecode`, 
  `sem`, `section`, `dept`, `staffid`, 
  `q1`, `q2`, `q3`, `q4`, `q5`, `q6`, 
  `q7`, `q8`, `q9`, `q10`, `q11`, `q12`, 
  `q13`
) 
VALUES 
  (
    '120003352', 'Venkateshwaran S', 
    'BCSCCS601R03', '6', 'B', 'CSE', 'C1763', 
    '0.5', '1.5', '1.5', '1.5', '2', '0', 
    '1', '0', '2', '2', '8.5', '8.5', '10'
  );
INSERT INTO `cia1`(
  `Reg_no`, `student_name`, `coursecode`, 
  `sem`, `section`, `dept`, `staffid`, 
  `q1`, `q2`, `q3`, `q4`, `q5`, `q6`, 
  `q7`, `q8`, `q9`, `q10`, `q11`, `q12`, 
  `q13`
) 
VALUES 
  (
    '120003353', 'Venkatraman M', 'BCSCCS601R03', 
    '6', 'B', 'CSE', 'C1763', '0.5', '2', 
    '1.5', '1.5', '1.5', '1', '1.5', '2', 
    '0.5', '2', '8', '8', '9.5'
  );
INSERT INTO `cia1`(
  `Reg_no`, `student_name`, `coursecode`, 
  `sem`, `section`, `dept`, `staffid`, 
  `q1`, `q2`, `q3`, `q4`, `q5`, `q6`, 
  `q7`, `q8`, `q9`, `q10`, `q11`, `q12`, 
  `q13`
) 
VALUES 
  (
    '120003369', 'Viswanatham Visweswara Sarma', 
    'BCSCCS601R03', '6', 'B', 'CSE', 'C1763', 
    '0.5', '2', '0', '2', '2', '2', '2', 
    '0', '2', '2', '10', '9', '9.5'
  );
INSERT INTO `cia1`(
  `Reg_no`, `student_name`, `coursecode`, 
  `sem`, `section`, `dept`, `staffid`, 
  `q1`, `q2`, `q3`, `q4`, `q5`, `q6`, 
  `q7`, `q8`, `q9`, `q10`, `q11`, `q12`, 
  `q13`
) 
VALUES 
  (
    '120003370', 'Viswesh N G', 'BCSCCS601R03', 
    '6', 'B', 'CSE', 'C1763', '0.5', '2', 
    '1.5', '2', '1.5', '2', '2', '0.5', 
    '1.5', '2', '8.5', '7.5', '9.5'
  );
INSERT INTO `cia1`(
  `Reg_no`, `student_name`, `coursecode`, 
  `sem`, `section`, `dept`, `staffid`, 
  `q1`, `q2`, `q3`, `q4`, `q5`, `q6`, 
  `q7`, `q8`, `q9`, `q10`, `q11`, `q12`, 
  `q13`
) 
VALUES 
  (
    '120003377', 'Yatirajulu B V S S M P', 
    'BCSCCS601R03', '6', 'B', 'CSE', 'C1763', 
    '0.5', '1', '1.5', '1.5', '1.5', '2', 
    '1.5', '2', '1', '2', '10', '8', '9.5'
  );
INSERT INTO `cia1`(
  `Reg_no`, `student_name`, `coursecode`, 
  `sem`, `section`, `dept`, `staffid`, 
  `q1`, `q2`, `q3`, `q4`, `q5`, `q6`, 
  `q7`, `q8`, `q9`, `q10`, `q11`, `q12`, 
  `q13`
) 
VALUES 
  (
    '119003168', 'Sriranjani S', 'BCSCCS601R03', 
    '6', 'B', 'CSE', 'C1763', '2', '0', 
    '1.5', '0.5', '0.5', '0', '0.5', '0', 
    '0', '0', '7', '6.5', '7'
  );
UPDATE 
  cia1 
set 
  CO1 = q1 + q3 + q5 + q6 + q11 + q12 
where 
  staffid = 'C1763' 
  AND coursecode = 'BCSCCS601R03';
UPDATE 
  cia1 
set 
  CO2 = q2 + q4 + q7 + q8 + q9 + q10 + q13 
where 
  staffid = 'C1763' 
  AND coursecode = 'BCSCCS601R03';
INSERT INTO `cia2`(
  `Reg_no`, `student_name`, `coursecode`, 
  `sem`, `section`, `dept`, `staffid`, 
  `q1`, `q2`, `q3`, `q4`, `q5`, `q6`, 
  `q7`, `q8`, `q9`, `q10`, `q11`, `q12`, 
  `q13`, `q14`
) 
VALUES 
  (
    '120003001', 'Aakash Mahalingam', 
    'BCSCCS601R03', '6', 'B', 'CSE', 'C1763', 
    '1.5', '2', '2', '1', '2', '0', '0.5', 
    '2', '2', '1.5', '8', '8.5', '0', '8.5'
  );
INSERT INTO `cia2`(
  `Reg_no`, `student_name`, `coursecode`, 
  `sem`, `section`, `dept`, `staffid`, 
  `q1`, `q2`, `q3`, `q4`, `q5`, `q6`, 
  `q7`, `q8`, `q9`, `q10`, `q11`, `q12`, 
  `q13`, `q14`
) 
VALUES 
  (
    '120003003', 'Abhinaya K', 'BCSCCS601R03', 
    '6', 'B', 'CSE', 'C1763', '1.5', '2', 
    '2', '1', '1', '0', '0', '1.5', '2', 
    '1.5', '9.5', '10', '8', '0'
  );
INSERT INTO `cia2`(
  `Reg_no`, `student_name`, `coursecode`, 
  `sem`, `section`, `dept`, `staffid`, 
  `q1`, `q2`, `q3`, `q4`, `q5`, `q6`, 
  `q7`, `q8`, `q9`, `q10`, `q11`, `q12`, 
  `q13`, `q14`
) 
VALUES 
  (
    '120003004', 'Abhishek Kumar S', 
    'BCSCCS601R03', '6', 'B', 'CSE', 'C1763', 
    '0', '0.5', '2', '1', '1.5', '2', '0', 
    '2', '2', '1.5', '9', '7', '5.5', '0'
  );
INSERT INTO `cia2`(
  `Reg_no`, `student_name`, `coursecode`, 
  `sem`, `section`, `dept`, `staffid`, 
  `q1`, `q2`, `q3`, `q4`, `q5`, `q6`, 
  `q7`, `q8`, `q9`, `q10`, `q11`, `q12`, 
  `q13`, `q14`
) 
VALUES 
  (
    '120003005', 'Abhishek P', 'BCSCCS601R03', 
    '6', 'B', 'CSE', 'C1763', '2', '1.5', 
    '2', '2', '1', '2', '2', '2', '2', '1.5', 
    '9', '7', '0', '7'
  );
INSERT INTO `cia2`(
  `Reg_no`, `student_name`, `coursecode`, 
  `sem`, `section`, `dept`, `staffid`, 
  `q1`, `q2`, `q3`, `q4`, `q5`, `q6`, 
  `q7`, `q8`, `q9`, `q10`, `q11`, `q12`, 
  `q13`, `q14`
) 
VALUES 
  (
    '120003008', 'Adithya Natarajan', 
    'BCSCCS601R03', '6', 'B', 'CSE', 'C1763', 
    '0', '0', '2', '2', '0.5', '2', '0.5', 
    '2', '2', '2', '9.5', '8.5', '0', '3.5'
  );
INSERT INTO `cia2`(
  `Reg_no`, `student_name`, `coursecode`, 
  `sem`, `section`, `dept`, `staffid`, 
  `q1`, `q2`, `q3`, `q4`, `q5`, `q6`, 
  `q7`, `q8`, `q9`, `q10`, `q11`, `q12`, 
  `q13`, `q14`
) 
VALUES 
  (
    '120003013', 'Ajay Shrivatsan V', 
    'BCSCCS601R03', '6', 'B', 'CSE', 'C1763', 
    '1', '2', '1.5', '1.5', '0', '2', '0', 
    '2', '2', '1', '9', '5', '0', '8.5'
  );
INSERT INTO `cia2`(
  `Reg_no`, `student_name`, `coursecode`, 
  `sem`, `section`, `dept`, `staffid`, 
  `q1`, `q2`, `q3`, `q4`, `q5`, `q6`, 
  `q7`, `q8`, `q9`, `q10`, `q11`, `q12`, 
  `q13`, `q14`
) 
VALUES 
  (
    '120003021', 'Aneesha Afra A', 'BCSCCS601R03', 
    '6', 'B', 'CSE', 'C1763', '0.5', '0.5', 
    '1.5', '2', '2', '2', '2', '1.5', '2', 
    '2', '8.5', '10', '6', '0'
  );
INSERT INTO `cia2`(
  `Reg_no`, `student_name`, `coursecode`, 
  `sem`, `section`, `dept`, `staffid`, 
  `q1`, `q2`, `q3`, `q4`, `q5`, `q6`, 
  `q7`, `q8`, `q9`, `q10`, `q11`, `q12`, 
  `q13`, `q14`
) 
VALUES 
  (
    '120003026', 'Anuradha B', 'BCSCCS601R03', 
    '6', 'B', 'CSE', 'C1763', '1.5', '2', 
    '1.5', '2', '0.5', '2', '1', '2', '2', 
    '0.5', '0', '8', '7.5', '0'
  );
INSERT INTO `cia2`(
  `Reg_no`, `student_name`, `coursecode`, 
  `sem`, `section`, `dept`, `staffid`, 
  `q1`, `q2`, `q3`, `q4`, `q5`, `q6`, 
  `q7`, `q8`, `q9`, `q10`, `q11`, `q12`, 
  `q13`, `q14`
) 
VALUES 
  (
    '120003041', 'Avulapati Bharath Chowdary', 
    'BCSCCS601R03', '6', 'B', 'CSE', 'C1763', 
    '0.5', '2', '2', '1.5', '2', '2', '1.5', 
    '2', '2', '1.5', '9.5', '7.5', '0', 
    '8.5'
  );
INSERT INTO `cia2`(
  `Reg_no`, `student_name`, `coursecode`, 
  `sem`, `section`, `dept`, `staffid`, 
  `q1`, `q2`, `q3`, `q4`, `q5`, `q6`, 
  `q7`, `q8`, `q9`, `q10`, `q11`, `q12`, 
  `q13`, `q14`
) 
VALUES 
  (
    '120003046', 'Bejjipuram Sai Siva Teja', 
    'BCSCCS601R03', '6', 'B', 'CSE', 'C1763', 
    '1.5', '2', '1.5', '1', '1', '1.5', 
    '2', '0.5', '2', '1.5', '0', '6', '4.5', 
    '5'
  );
INSERT INTO `cia2`(
  `Reg_no`, `student_name`, `coursecode`, 
  `sem`, `section`, `dept`, `staffid`, 
  `q1`, `q2`, `q3`, `q4`, `q5`, `q6`, 
  `q7`, `q8`, `q9`, `q10`, `q11`, `q12`, 
  `q13`, `q14`
) 
VALUES 
  (
    '120003052', 'Bommi Reddy Nithish Kumar', 
    'BCSCCS601R03', '6', 'B', 'CSE', 'C1763', 
    '1.5', '0.5', '2', '1', '2', '2', '1.5', 
    '1.5', '2', '1', '9', '7', '0', '7'
  );
INSERT INTO `cia2`(
  `Reg_no`, `student_name`, `coursecode`, 
  `sem`, `section`, `dept`, `staffid`, 
  `q1`, `q2`, `q3`, `q4`, `q5`, `q6`, 
  `q7`, `q8`, `q9`, `q10`, `q11`, `q12`, 
  `q13`, `q14`
) 
VALUES 
  (
    '120003055', 'Buvni N', 'BCSCCS601R03', 
    '6', 'B', 'CSE', 'C1763', '1', '1', 
    '0.5', '2', '1.5', '2', '1', '1.5', 
    '2', '1', '0', '6.5', '4.5', '5'
  );
INSERT INTO `cia2`(
  `Reg_no`, `student_name`, `coursecode`, 
  `sem`, `section`, `dept`, `staffid`, 
  `q1`, `q2`, `q3`, `q4`, `q5`, `q6`, 
  `q7`, `q8`, `q9`, `q10`, `q11`, `q12`, 
  `q13`, `q14`
) 
VALUES 
  (
    '120003057', 'Chaithanya Gandu', 
    'BCSCCS601R03', '6', 'B', 'CSE', 'C1763', 
    '0', '1.5', '1', '0.5', '0.5', '1', 
    '2', '2', '2', '1.5', '9.5', '6', '0', 
    '6.5'
  );
INSERT INTO `cia2`(
  `Reg_no`, `student_name`, `coursecode`, 
  `sem`, `section`, `dept`, `staffid`, 
  `q1`, `q2`, `q3`, `q4`, `q5`, `q6`, 
  `q7`, `q8`, `q9`, `q10`, `q11`, `q12`, 
  `q13`, `q14`
) 
VALUES 
  (
    '120003058', 'Chakradhara Rao Gatti', 
    'BCSCCS601R03', '6', 'B', 'CSE', 'C1763', 
    '1', '1.5', '2', '0.5', '1.5', '1.5', 
    '2', '2', '2', '1', '0', '7.5', '0', 
    '5.5'
  );
INSERT INTO `cia2`(
  `Reg_no`, `student_name`, `coursecode`, 
  `sem`, `section`, `dept`, `staffid`, 
  `q1`, `q2`, `q3`, `q4`, `q5`, `q6`, 
  `q7`, `q8`, `q9`, `q10`, `q11`, `q12`, 
  `q13`, `q14`
) 
VALUES 
  (
    '120003072', 'Danabala Naveen Srinivas', 
    'BCSCCS601R03', '6', 'B', 'CSE', 'C1763', 
    '1.5', '2', '1.5', '1.5', '2', '2', 
    '2', '2', '2', '2', '0', '9', '0', '9'
  );
INSERT INTO `cia2`(
  `Reg_no`, `student_name`, `coursecode`, 
  `sem`, `section`, `dept`, `staffid`, 
  `q1`, `q2`, `q3`, `q4`, `q5`, `q6`, 
  `q7`, `q8`, `q9`, `q10`, `q11`, `q12`, 
  `q13`, `q14`
) 
VALUES 
  (
    '120003075', 'Darshan S', 'BCSCCS601R03', 
    '6', 'B', 'CSE', 'C1763', '1.5', '2', 
    '1.5', '1.5', '2', '2', '2', '1.5', 
    '2', '1.5', '0', '5.5', '4', '0'
  );
INSERT INTO `cia2`(
  `Reg_no`, `student_name`, `coursecode`, 
  `sem`, `section`, `dept`, `staffid`, 
  `q1`, `q2`, `q3`, `q4`, `q5`, `q6`, 
  `q7`, `q8`, `q9`, `q10`, `q11`, `q12`, 
  `q13`, `q14`
) 
VALUES 
  (
    '120003078', 'Dhanooram N', 'BCSCCS601R03', 
    '6', 'B', 'CSE', 'C1763', '1.5', '1.5', 
    '1.5', '2', '2', '2', '2', '2', '2', 
    '1.5', '9', '6', '0', '4.5'
  );
INSERT INTO `cia2`(
  `Reg_no`, `student_name`, `coursecode`, 
  `sem`, `section`, `dept`, `staffid`, 
  `q1`, `q2`, `q3`, `q4`, `q5`, `q6`, 
  `q7`, `q8`, `q9`, `q10`, `q11`, `q12`, 
  `q13`, `q14`
) 
VALUES 
  (
    '120003079', 'Dhanya V S', 'BCSCCS601R03', 
    '6', 'B', 'CSE', 'C1763', '1', '2', 
    '1.5', '2', '2', '2', '2', '2', '2', 
    '1.5', '8', '4', '5', '0'
  );
INSERT INTO `cia2`(
  `Reg_no`, `student_name`, `coursecode`, 
  `sem`, `section`, `dept`, `staffid`, 
  `q1`, `q2`, `q3`, `q4`, `q5`, `q6`, 
  `q7`, `q8`, `q9`, `q10`, `q11`, `q12`, 
  `q13`, `q14`
) 
VALUES 
  (
    '120003081', 'Dheeban A', 'BCSCCS601R03', 
    '6', 'B', 'CSE', 'C1763', '0', '0', 
    '0', '0', '0', '0', '0', '0', '0', '0', 
    '0', '0', '0', '0'
  );
INSERT INTO `cia2`(
  `Reg_no`, `student_name`, `coursecode`, 
  `sem`, `section`, `dept`, `staffid`, 
  `q1`, `q2`, `q3`, `q4`, `q5`, `q6`, 
  `q7`, `q8`, `q9`, `q10`, `q11`, `q12`, 
  `q13`, `q14`
) 
VALUES 
  (
    '120003088', 'Gajavalli Vamsi Krishna', 
    'BCSCCS601R03', '6', 'B', 'CSE', 'C1763', 
    '1.5', '2', '2', '1.5', '0.5', '2', 
    '2', '2', '2', '0', '9.5', '3', '0', 
    '5'
  );
INSERT INTO `cia2`(
  `Reg_no`, `student_name`, `coursecode`, 
  `sem`, `section`, `dept`, `staffid`, 
  `q1`, `q2`, `q3`, `q4`, `q5`, `q6`, 
  `q7`, `q8`, `q9`, `q10`, `q11`, `q12`, 
  `q13`, `q14`
) 
VALUES 
  (
    '120003090', 'Gajulapalli Sajid', 
    'BCSCCS601R03', '6', 'B', 'CSE', 'C1763', 
    '2', '2', '1.5', '2', '1.5', '2', '2', 
    '2', '2', '1.5', '9', '7.5', '0', '5.5'
  );
INSERT INTO `cia2`(
  `Reg_no`, `student_name`, `coursecode`, 
  `sem`, `section`, `dept`, `staffid`, 
  `q1`, `q2`, `q3`, `q4`, `q5`, `q6`, 
  `q7`, `q8`, `q9`, `q10`, `q11`, `q12`, 
  `q13`, `q14`
) 
VALUES 
  (
    '120003091', 'Gandra Alekhya', 'BCSCCS601R03', 
    '6', 'B', 'CSE', 'C1763', '1.5', '1.5', 
    '1', '1.5', '0', '2', '2', '2', '2', 
    '1', '9', '7.5', '8.5', '0'
  );
INSERT INTO `cia2`(
  `Reg_no`, `student_name`, `coursecode`, 
  `sem`, `section`, `dept`, `staffid`, 
  `q1`, `q2`, `q3`, `q4`, `q5`, `q6`, 
  `q7`, `q8`, `q9`, `q10`, `q11`, `q12`, 
  `q13`, `q14`
) 
VALUES 
  (
    '120003100', 'Gowtham S', 'BCSCCS601R03', 
    '6', 'B', 'CSE', 'C1763', '1', '2', 
    '1.5', '0', '0.5', '1.5', '1', '1.5', 
    '2', '0.5', '2.5', '4', '0', '5'
  );
INSERT INTO `cia2`(
  `Reg_no`, `student_name`, `coursecode`, 
  `sem`, `section`, `dept`, `staffid`, 
  `q1`, `q2`, `q3`, `q4`, `q5`, `q6`, 
  `q7`, `q8`, `q9`, `q10`, `q11`, `q12`, 
  `q13`, `q14`
) 
VALUES 
  (
    '120003105', 'Hari M', 'BCSCCS601R03', 
    '6', 'B', 'CSE', 'C1763', '2', '2', 
    '1.5', '1.5', '2', '2', '2', '1.5', 
    '2', '1.5', '9', '6', '0', '5.5'
  );
INSERT INTO `cia2`(
  `Reg_no`, `student_name`, `coursecode`, 
  `sem`, `section`, `dept`, `staffid`, 
  `q1`, `q2`, `q3`, `q4`, `q5`, `q6`, 
  `q7`, `q8`, `q9`, `q10`, `q11`, `q12`, 
  `q13`, `q14`
) 
VALUES 
  (
    '120003106', 'Hari Krishnan G', 'BCSCCS601R03', 
    '6', 'B', 'CSE', 'C1763', '2', '2', 
    '1.5', '1.5', '2', '2', '2', '2', '2', 
    '0.5', '8.5', '7', '0', '7.5'
  );
INSERT INTO `cia2`(
  `Reg_no`, `student_name`, `coursecode`, 
  `sem`, `section`, `dept`, `staffid`, 
  `q1`, `q2`, `q3`, `q4`, `q5`, `q6`, 
  `q7`, `q8`, `q9`, `q10`, `q11`, `q12`, 
  `q13`, `q14`
) 
VALUES 
  (
    '120003107', 'Hari Narayan S', 'BCSCCS601R03', 
    '6', 'B', 'CSE', 'C1763', '1.5', '0.5', 
    '1', '1', '0.5', '2', '1.5', '2', '2', 
    '1.5', '8.5', '4.5', '0', '5'
  );
INSERT INTO `cia2`(
  `Reg_no`, `student_name`, `coursecode`, 
  `sem`, `section`, `dept`, `staffid`, 
  `q1`, `q2`, `q3`, `q4`, `q5`, `q6`, 
  `q7`, `q8`, `q9`, `q10`, `q11`, `q12`, 
  `q13`, `q14`
) 
VALUES 
  (
    '120003109', 'Harichandana Vejendla', 
    'BCSCCS601R03', '6', 'B', 'CSE', 'C1763', 
    '1.5', '2', '2', '2', '2', '2', '2', 
    '2', '2', '2', '9.5', '10', '0', '9.5'
  );
INSERT INTO `cia2`(
  `Reg_no`, `student_name`, `coursecode`, 
  `sem`, `section`, `dept`, `staffid`, 
  `q1`, `q2`, `q3`, `q4`, `q5`, `q6`, 
  `q7`, `q8`, `q9`, `q10`, `q11`, `q12`, 
  `q13`, `q14`
) 
VALUES 
  (
    '120003114', 'Harsha Nandan Divvela D N V', 
    'BCSCCS601R03', '6', 'B', 'CSE', 'C1763', 
    '1', '2', '1.5', '1.5', '0.5', '2', 
    '2', '2', '2', '1.5', '9', '5', '3.5', 
    '0'
  );
INSERT INTO `cia2`(
  `Reg_no`, `student_name`, `coursecode`, 
  `sem`, `section`, `dept`, `staffid`, 
  `q1`, `q2`, `q3`, `q4`, `q5`, `q6`, 
  `q7`, `q8`, `q9`, `q10`, `q11`, `q12`, 
  `q13`, `q14`
) 
VALUES 
  (
    '120003118', 'Jaikanth J', 'BCSCCS601R03', 
    '6', 'B', 'CSE', 'C1763', '0.5', '0.5', 
    '1.5', '1', '2', '2', '2', '1.5', '1.5', 
    '0.5', '9', '5.5', '0', '6.5'
  );
INSERT INTO `cia2`(
  `Reg_no`, `student_name`, `coursecode`, 
  `sem`, `section`, `dept`, `staffid`, 
  `q1`, `q2`, `q3`, `q4`, `q5`, `q6`, 
  `q7`, `q8`, `q9`, `q10`, `q11`, `q12`, 
  `q13`, `q14`
) 
VALUES 
  (
    '120003119', 'Jalari Sasank', 'BCSCCS601R03', 
    '6', 'B', 'CSE', 'C1763', '0.5', '2', 
    '0.5', '0', '0', '0', '0.5', '1.5', 
    '0', '0.5', '9', '4.5', '3.5', '0'
  );
INSERT INTO `cia2`(
  `Reg_no`, `student_name`, `coursecode`, 
  `sem`, `section`, `dept`, `staffid`, 
  `q1`, `q2`, `q3`, `q4`, `q5`, `q6`, 
  `q7`, `q8`, `q9`, `q10`, `q11`, `q12`, 
  `q13`, `q14`
) 
VALUES 
  (
    '120003126', 'Kaavya Shree S K', 
    'BCSCCS601R03', '6', 'B', 'CSE', 'C1763', 
    '1.5', '0.5', '2', '2', '0.5', '2', 
    '2', '1.5', '2', '1', '9', '9.5', '0', 
    '6.5'
  );
INSERT INTO `cia2`(
  `Reg_no`, `student_name`, `coursecode`, 
  `sem`, `section`, `dept`, `staffid`, 
  `q1`, `q2`, `q3`, `q4`, `q5`, `q6`, 
  `q7`, `q8`, `q9`, `q10`, `q11`, `q12`, 
  `q13`, `q14`
) 
VALUES 
  (
    '120003127', 'Kalavakolu Muni Harsha Vardhan', 
    'BCSCCS601R03', '6', 'B', 'CSE', 'C1763', 
    '0', '1.5', '1.5', '1.5', '0', '1.5', 
    '2', '2', '2', '1', '10', '8.5', '0', 
    '8'
  );
INSERT INTO `cia2`(
  `Reg_no`, `student_name`, `coursecode`, 
  `sem`, `section`, `dept`, `staffid`, 
  `q1`, `q2`, `q3`, `q4`, `q5`, `q6`, 
  `q7`, `q8`, `q9`, `q10`, `q11`, `q12`, 
  `q13`, `q14`
) 
VALUES 
  (
    '120003142', 'Kaushik I', 'BCSCCS601R03', 
    '6', 'B', 'CSE', 'C1763', '1', '1.5', 
    '1.5', '1.5', '1', '1.5', '2', '2', 
    '2', '1.5', '9', '7', '6', '0'
  );
INSERT INTO `cia2`(
  `Reg_no`, `student_name`, `coursecode`, 
  `sem`, `section`, `dept`, `staffid`, 
  `q1`, `q2`, `q3`, `q4`, `q5`, `q6`, 
  `q7`, `q8`, `q9`, `q10`, `q11`, `q12`, 
  `q13`, `q14`
) 
VALUES 
  (
    '120003157', 'Kothai Purushothaman', 
    'BCSCCS601R03', '6', 'B', 'CSE', 'C1763', 
    '0', '0.5', '0', '0', '0', '0', '0', 
    '1.5', '1.5', '0', '2.5', '1', '0', 
    '0.5'
  );
INSERT INTO `cia2`(
  `Reg_no`, `student_name`, `coursecode`, 
  `sem`, `section`, `dept`, `staffid`, 
  `q1`, `q2`, `q3`, `q4`, `q5`, `q6`, 
  `q7`, `q8`, `q9`, `q10`, `q11`, `q12`, 
  `q13`, `q14`
) 
VALUES 
  (
    '120003158', 'Kothuri Mohana Venkata Mani Sekhar', 
    'BCSCCS601R03', '6', 'B', 'CSE', 'C1763', 
    '1', '0.5', '2', '1.5', '0.5', '1.5', 
    '0', '2', '2', '1', '9', '6', '0', '7.5'
  );
INSERT INTO `cia2`(
  `Reg_no`, `student_name`, `coursecode`, 
  `sem`, `section`, `dept`, `staffid`, 
  `q1`, `q2`, `q3`, `q4`, `q5`, `q6`, 
  `q7`, `q8`, `q9`, `q10`, `q11`, `q12`, 
  `q13`, `q14`
) 
VALUES 
  (
    '120003167', 'Maddula Sri Vidya', 
    'BCSCCS601R03', '6', 'B', 'CSE', 'C1763', 
    '1.5', '2', '2', '1', '1', '1.5', '2', 
    '2', '2', '1', '9.5', '0', '8', '5.5'
  );
INSERT INTO `cia2`(
  `Reg_no`, `student_name`, `coursecode`, 
  `sem`, `section`, `dept`, `staffid`, 
  `q1`, `q2`, `q3`, `q4`, `q5`, `q6`, 
  `q7`, `q8`, `q9`, `q10`, `q11`, `q12`, 
  `q13`, `q14`
) 
VALUES 
  (
    '120003181', 'Mannam Ushakiran', 
    'BCSCCS601R03', '6', 'B', 'CSE', 'C1763', 
    '0', '0', '1.5', '0', '2', '2', '2', 
    '2', '2', '1', '7', '4.5', '0', '0'
  );
INSERT INTO `cia2`(
  `Reg_no`, `student_name`, `coursecode`, 
  `sem`, `section`, `dept`, `staffid`, 
  `q1`, `q2`, `q3`, `q4`, `q5`, `q6`, 
  `q7`, `q8`, `q9`, `q10`, `q11`, `q12`, 
  `q13`, `q14`
) 
VALUES 
  (
    '120003189', 'Monisha R', 'BCSCCS601R03', 
    '6', 'B', 'CSE', 'C1763', '0', '0', 
    '0', '0', '0', '0', '0', '0', '0', '0', 
    '0', '0', '0', '0'
  );
INSERT INTO `cia2`(
  `Reg_no`, `student_name`, `coursecode`, 
  `sem`, `section`, `dept`, `staffid`, 
  `q1`, `q2`, `q3`, `q4`, `q5`, `q6`, 
  `q7`, `q8`, `q9`, `q10`, `q11`, `q12`, 
  `q13`, `q14`
) 
VALUES 
  (
    '120003192', 'Mummani Nuthan Naga Sai', 
    'BCSCCS601R03', '6', 'B', 'CSE', 'C1763', 
    '0', '0', '1', '1', '0', '1.5', '1.5', 
    '1.5', '1.5', '0', '0.5', '6', '3.5', 
    '0'
  );
INSERT INTO `cia2`(
  `Reg_no`, `student_name`, `coursecode`, 
  `sem`, `section`, `dept`, `staffid`, 
  `q1`, `q2`, `q3`, `q4`, `q5`, `q6`, 
  `q7`, `q8`, `q9`, `q10`, `q11`, `q12`, 
  `q13`, `q14`
) 
VALUES 
  (
    '120003207', 'Nibitha N', 'BCSCCS601R03', 
    '6', 'B', 'CSE', 'C1763', '1', '1', 
    '2', '2', '2', '2', '2', '2', '2', '1.5', 
    '10', '8', '0', '6'
  );
INSERT INTO `cia2`(
  `Reg_no`, `student_name`, `coursecode`, 
  `sem`, `section`, `dept`, `staffid`, 
  `q1`, `q2`, `q3`, `q4`, `q5`, `q6`, 
  `q7`, `q8`, `q9`, `q10`, `q11`, `q12`, 
  `q13`, `q14`
) 
VALUES 
  (
    '120003221', 'Pillutla Sai Sameer Sri Vastav', 
    'BCSCCS601R03', '6', 'B', 'CSE', 'C1763', 
    '1', '2', '1', '0', '0.5', '1.5', '1', 
    '2', '2', '1', '9', '3.5', '0', '5'
  );
INSERT INTO `cia2`(
  `Reg_no`, `student_name`, `coursecode`, 
  `sem`, `section`, `dept`, `staffid`, 
  `q1`, `q2`, `q3`, `q4`, `q5`, `q6`, 
  `q7`, `q8`, `q9`, `q10`, `q11`, `q12`, 
  `q13`, `q14`
) 
VALUES 
  (
    '120003242', 'Rajaram R', 'BCSCCS601R03', 
    '6', 'B', 'CSE', 'C1763', '1', '1', 
    '1', '1.5', '0.5', '2', '0', '1.5', 
    '2', '0', '9.5', '6', '2.5', '0'
  );
INSERT INTO `cia2`(
  `Reg_no`, `student_name`, `coursecode`, 
  `sem`, `section`, `dept`, `staffid`, 
  `q1`, `q2`, `q3`, `q4`, `q5`, `q6`, 
  `q7`, `q8`, `q9`, `q10`, `q11`, `q12`, 
  `q13`, `q14`
) 
VALUES 
  (
    '120003243', 'Ram Jagannath U', 'BCSCCS601R03', 
    '6', 'B', 'CSE', 'C1763', '1.5', '2', 
    '1.5', '2', '0.5', '2', '1', '2', '2', 
    '1', '9.5', '7.5', '0', '6'
  );
INSERT INTO `cia2`(
  `Reg_no`, `student_name`, `coursecode`, 
  `sem`, `section`, `dept`, `staffid`, 
  `q1`, `q2`, `q3`, `q4`, `q5`, `q6`, 
  `q7`, `q8`, `q9`, `q10`, `q11`, `q12`, 
  `q13`, `q14`
) 
VALUES 
  (
    '120003258', 'Redrouthu Bhanu Tejaswini', 
    'BCSCCS601R03', '6', 'B', 'CSE', 'C1763', 
    '1.5', '0.5', '2', '2', '2', '2', '2', 
    '1.5', '1.5', '1.5', '9.5', '8', '0', 
    '9.5'
  );
INSERT INTO `cia2`(
  `Reg_no`, `student_name`, `coursecode`, 
  `sem`, `section`, `dept`, `staffid`, 
  `q1`, `q2`, `q3`, `q4`, `q5`, `q6`, 
  `q7`, `q8`, `q9`, `q10`, `q11`, `q12`, 
  `q13`, `q14`
) 
VALUES 
  (
    '120003266', 'Sanagapalli Manoj Kumar Gupta', 
    'BCSCCS601R03', '6', 'B', 'CSE', 'C1763', 
    '1', '2', '2', '2', '1.5', '1.5', '2', 
    '2', '2', '1.5', '9', '8', '0', '8.5'
  );
INSERT INTO `cia2`(
  `Reg_no`, `student_name`, `coursecode`, 
  `sem`, `section`, `dept`, `staffid`, 
  `q1`, `q2`, `q3`, `q4`, `q5`, `q6`, 
  `q7`, `q8`, `q9`, `q10`, `q11`, `q12`, 
  `q13`, `q14`
) 
VALUES 
  (
    '120003267', 'Sandhiya T', 'BCSCCS601R03', 
    '6', 'B', 'CSE', 'C1763', '1', '0.5', 
    '2', '2', '2', '2', '2', '1.5', '2', 
    '0', '9.5', '7.5', '0', '8'
  );
INSERT INTO `cia2`(
  `Reg_no`, `student_name`, `coursecode`, 
  `sem`, `section`, `dept`, `staffid`, 
  `q1`, `q2`, `q3`, `q4`, `q5`, `q6`, 
  `q7`, `q8`, `q9`, `q10`, `q11`, `q12`, 
  `q13`, `q14`
) 
VALUES 
  (
    '120003268', 'Sandhya G', 'BCSCCS601R03', 
    '6', 'B', 'CSE', 'C1763', '1', '1', 
    '2', '2', '2', '2', '2', '2', '2', '1', 
    '4.5', '8.5', '0', '6'
  );
INSERT INTO `cia2`(
  `Reg_no`, `student_name`, `coursecode`, 
  `sem`, `section`, `dept`, `staffid`, 
  `q1`, `q2`, `q3`, `q4`, `q5`, `q6`, 
  `q7`, `q8`, `q9`, `q10`, `q11`, `q12`, 
  `q13`, `q14`
) 
VALUES 
  (
    '120003274', 'Saranya R P', 'BCSCCS601R03', 
    '6', 'B', 'CSE', 'C1763', '1', '1', 
    '1.5', '2', '2', '2', '2', '2', '2', 
    '1.5', '6.5', '5', '0', '8.5'
  );
INSERT INTO `cia2`(
  `Reg_no`, `student_name`, `coursecode`, 
  `sem`, `section`, `dept`, `staffid`, 
  `q1`, `q2`, `q3`, `q4`, `q5`, `q6`, 
  `q7`, `q8`, `q9`, `q10`, `q11`, `q12`, 
  `q13`, `q14`
) 
VALUES 
  (
    '120003278', 'Saveri Sumadyuti Ayyagari', 
    'BCSCCS601R03', '6', 'B', 'CSE', 'C1763', 
    '2', '1', '2', '1.5', '1.5', '2', '0.5', 
    '2', '2', '2', '9.5', '7.5', '6.5', 
    '0'
  );
INSERT INTO `cia2`(
  `Reg_no`, `student_name`, `coursecode`, 
  `sem`, `section`, `dept`, `staffid`, 
  `q1`, `q2`, `q3`, `q4`, `q5`, `q6`, 
  `q7`, `q8`, `q9`, `q10`, `q11`, `q12`, 
  `q13`, `q14`
) 
VALUES 
  (
    '120003282', 'Shaik Kanubai Mohammad Maheer', 
    'BCSCCS601R03', '6', 'B', 'CSE', 'C1763', 
    '1.5', '0.5', '1', '1.5', '1.5', '2', 
    '1.5', '1.5', '2', '1', '6.5', '5.5', 
    '0', '6.5'
  );
INSERT INTO `cia2`(
  `Reg_no`, `student_name`, `coursecode`, 
  `sem`, `section`, `dept`, `staffid`, 
  `q1`, `q2`, `q3`, `q4`, `q5`, `q6`, 
  `q7`, `q8`, `q9`, `q10`, `q11`, `q12`, 
  `q13`, `q14`
) 
VALUES 
  (
    '120003296', 'Soma Venkata Sampath Kumar Reddy', 
    'BCSCCS601R03', '6', 'B', 'CSE', 'C1763', 
    '1', '0.5', '2', '1.5', '2', '2', '2', 
    '2', '2', '1.5', '0', '4.5', '7.5', 
    '9.5'
  );
INSERT INTO `cia2`(
  `Reg_no`, `student_name`, `coursecode`, 
  `sem`, `section`, `dept`, `staffid`, 
  `q1`, `q2`, `q3`, `q4`, `q5`, `q6`, 
  `q7`, `q8`, `q9`, `q10`, `q11`, `q12`, 
  `q13`, `q14`
) 
VALUES 
  (
    '120003301', 'Sreevathsan K', 'BCSCCS601R03', 
    '6', 'B', 'CSE', 'C1763', '2', '1', 
    '1.5', '1', '2', '2', '1.5', '2', '2', 
    '1.5', '8.5', '7.5', '0', '7.5'
  );
INSERT INTO `cia2`(
  `Reg_no`, `student_name`, `coursecode`, 
  `sem`, `section`, `dept`, `staffid`, 
  `q1`, `q2`, `q3`, `q4`, `q5`, `q6`, 
  `q7`, `q8`, `q9`, `q10`, `q11`, `q12`, 
  `q13`, `q14`
) 
VALUES 
  (
    '120003306', 'Srijanani S', 'BCSCCS601R03', 
    '6', 'B', 'CSE', 'C1763', '1', '0.5', 
    '2', '1.5', '1.5', '2', '2', '2', '1.5', 
    '1.5', '5', '7', '0', '6.5'
  );
INSERT INTO `cia2`(
  `Reg_no`, `student_name`, `coursecode`, 
  `sem`, `section`, `dept`, `staffid`, 
  `q1`, `q2`, `q3`, `q4`, `q5`, `q6`, 
  `q7`, `q8`, `q9`, `q10`, `q11`, `q12`, 
  `q13`, `q14`
) 
VALUES 
  (
    '120003313', 'Srivattsan G', 'BCSCCS601R03', 
    '6', 'B', 'CSE', 'C1763', '1', '1.5', 
    '1.5', '2', '2', '1.5', '2', '2', '2', 
    '1', '9', '7', '8.5', '0'
  );
INSERT INTO `cia2`(
  `Reg_no`, `student_name`, `coursecode`, 
  `sem`, `section`, `dept`, `staffid`, 
  `q1`, `q2`, `q3`, `q4`, `q5`, `q6`, 
  `q7`, `q8`, `q9`, `q10`, `q11`, `q12`, 
  `q13`, `q14`
) 
VALUES 
  (
    '120003331', 'Thyarana Durgam Jashwanth', 
    'BCSCCS601R03', '6', 'B', 'CSE', 'C1763', 
    '0', '0.5', '0.5', '0', '1', '2', '1.5', 
    '2', '2', '0', '9.5', '7.5', '4', '0'
  );
INSERT INTO `cia2`(
  `Reg_no`, `student_name`, `coursecode`, 
  `sem`, `section`, `dept`, `staffid`, 
  `q1`, `q2`, `q3`, `q4`, `q5`, `q6`, 
  `q7`, `q8`, `q9`, `q10`, `q11`, `q12`, 
  `q13`, `q14`
) 
VALUES 
  (
    '120003334', 'Tunuguntla Venkata Sai Krishna', 
    'BCSCCS601R03', '6', 'B', 'CSE', 'C1763', 
    '1', '2', '1', '2', '2', '2', '2', '2', 
    '1.5', '0.5', '9.5', '6', '0', '8'
  );
INSERT INTO `cia2`(
  `Reg_no`, `student_name`, `coursecode`, 
  `sem`, `section`, `dept`, `staffid`, 
  `q1`, `q2`, `q3`, `q4`, `q5`, `q6`, 
  `q7`, `q8`, `q9`, `q10`, `q11`, `q12`, 
  `q13`, `q14`
) 
VALUES 
  (
    '120003345', 'Vasireddy Manasa', 
    'BCSCCS601R03', '6', 'B', 'CSE', 'C1763', 
    '0', '2', '1.5', '2', '1', '2', '0', 
    '2', '2', '1.5', '7.5', '4.5', '9', 
    '6.5'
  );
INSERT INTO `cia2`(
  `Reg_no`, `student_name`, `coursecode`, 
  `sem`, `section`, `dept`, `staffid`, 
  `q1`, `q2`, `q3`, `q4`, `q5`, `q6`, 
  `q7`, `q8`, `q9`, `q10`, `q11`, `q12`, 
  `q13`, `q14`
) 
VALUES 
  (
    '120003350', 'Venkatesh P', 'BCSCCS601R03', 
    '6', 'B', 'CSE', 'C1763', '1', '1.5', 
    '1', '1.5', '0', '1', '0', '2', '2', 
    '1.5', '9', '6', '4.5', '0'
  );
INSERT INTO `cia2`(
  `Reg_no`, `student_name`, `coursecode`, 
  `sem`, `section`, `dept`, `staffid`, 
  `q1`, `q2`, `q3`, `q4`, `q5`, `q6`, 
  `q7`, `q8`, `q9`, `q10`, `q11`, `q12`, 
  `q13`, `q14`
) 
VALUES 
  (
    '120003352', 'Venkateshwaran S', 
    'BCSCCS601R03', '6', 'B', 'CSE', 'C1763', 
    '1', '2', '1.5', '1.5', '1', '2', '1.5', 
    '2', '2', '1.5', '9.5', '6', '0', '6'
  );
INSERT INTO `cia2`(
  `Reg_no`, `student_name`, `coursecode`, 
  `sem`, `section`, `dept`, `staffid`, 
  `q1`, `q2`, `q3`, `q4`, `q5`, `q6`, 
  `q7`, `q8`, `q9`, `q10`, `q11`, `q12`, 
  `q13`, `q14`
) 
VALUES 
  (
    '120003353', 'Venkatraman M', 'BCSCCS601R03', 
    '6', 'B', 'CSE', 'C1763', '1.5', '2', 
    '1.5', '1.5', '0.5', '2', '1', '2', 
    '2', '1.5', '5', '6', '0', '6.5'
  );
INSERT INTO `cia2`(
  `Reg_no`, `student_name`, `coursecode`, 
  `sem`, `section`, `dept`, `staffid`, 
  `q1`, `q2`, `q3`, `q4`, `q5`, `q6`, 
  `q7`, `q8`, `q9`, `q10`, `q11`, `q12`, 
  `q13`, `q14`
) 
VALUES 
  (
    '120003369', 'Viswanatham Visweswara Sarma', 
    'BCSCCS601R03', '6', 'B', 'CSE', 'C1763', 
    '1.5', '2', '1.5', '1.5', '1', '2', 
    '2', '2', '2', '1', '10', '6', '6.5', 
    '8'
  );
INSERT INTO `cia2`(
  `Reg_no`, `student_name`, `coursecode`, 
  `sem`, `section`, `dept`, `staffid`, 
  `q1`, `q2`, `q3`, `q4`, `q5`, `q6`, 
  `q7`, `q8`, `q9`, `q10`, `q11`, `q12`, 
  `q13`, `q14`
) 
VALUES 
  (
    '120003370', 'Viswesh N G', 'BCSCCS601R03', 
    '6', 'B', 'CSE', 'C1763', '1.5', '2', 
    '1.5', '1.5', '0.5', '2', '2', '2', 
    '2', '0.5', '0', '8.5', '6.5', '6.5'
  );
INSERT INTO `cia2`(
  `Reg_no`, `student_name`, `coursecode`, 
  `sem`, `section`, `dept`, `staffid`, 
  `q1`, `q2`, `q3`, `q4`, `q5`, `q6`, 
  `q7`, `q8`, `q9`, `q10`, `q11`, `q12`, 
  `q13`, `q14`
) 
VALUES 
  (
    '120003377', 'Yatirajulu B V S S M P', 
    'BCSCCS601R03', '6', 'B', 'CSE', 'C1763', 
    '1.5', '1.5', '1.5', '1.5', '1', '0.5', 
    '1.5', '2', '2', '0.5', '9.5', '8', 
    '0', '5.5'
  );
INSERT INTO `cia2`(
  `Reg_no`, `student_name`, `coursecode`, 
  `sem`, `section`, `dept`, `staffid`, 
  `q1`, `q2`, `q3`, `q4`, `q5`, `q6`, 
  `q7`, `q8`, `q9`, `q10`, `q11`, `q12`, 
  `q13`, `q14`
) 
VALUES 
  (
    '119003168', 'Sriranjani S', 'BCSCCS601R03', 
    '6', 'B', 'CSE', 'C1763', '0', '1.5', 
    '2', '2', '0.5', '2', '0', '2', '2', 
    '1', '8.5', '0', '6.5', '0'
  );
UPDATE 
  cia2 
set 
  CO2 = q1 + q2 + q3 + q4 + q5 + q11 + q12 + q13 
where 
  staffid = 'C1763' 
  AND coursecode = 'BCSCCS601R03';
UPDATE 
  cia2 
set 
  CO3 = q6 + q7 + q8 + q9 + q10 + q14 
where 
  staffid = 'C1763' 
  AND coursecode = 'BCSCCS601R03';
  SELECT 
  DISTINCT(qno) 
from 
  cia3questions 
WHERE 
  coursecode = 'BCSCCS601R03' 
ORDER BY 
  CAST(qno AS UNSIGNED) INSERT INTO `cia3`(
    `Reg_no`, `student_name`, `coursecode`, 
    `sem`, `section`, `dept`, `staffid`, 
    `q1`, `q2`, `q3`, `q4`, `q5`, `q6`, 
    `q7`, `q8`, `q9`, `q10`, `q11`, `q12`, 
    `q13`, `q14`
  ) 
VALUES 
  (
    '120003001', 'Aakash Mahalingam', 
    'BCSCCS601R03', '6', 'B', 'CSE', 'C1763', 
    '0', '0', '0', '0', '0', '0', '0', '0', 
    '0', '0', '0', '0', '0', '0'
  );
INSERT INTO `cia3`(
  `Reg_no`, `student_name`, `coursecode`, 
  `sem`, `section`, `dept`, `staffid`, 
  `q1`, `q2`, `q3`, `q4`, `q5`, `q6`, 
  `q7`, `q8`, `q9`, `q10`, `q11`, `q12`, 
  `q13`, `q14`
) 
VALUES 
  (
    '120003003', 'Abhinaya K', 'BCSCCS601R03', 
    '6', 'B', 'CSE', 'C1763', '0', '0', 
    '0', '0', '0', '0', '0', '0', '0', '0', 
    '0', '0', '0', '0'
  );
INSERT INTO `cia3`(
  `Reg_no`, `student_name`, `coursecode`, 
  `sem`, `section`, `dept`, `staffid`, 
  `q1`, `q2`, `q3`, `q4`, `q5`, `q6`, 
  `q7`, `q8`, `q9`, `q10`, `q11`, `q12`, 
  `q13`, `q14`
) 
VALUES 
  (
    '120003004', 'Abhishek Kumar S', 
    'BCSCCS601R03', '6', 'B', 'CSE', 'C1763', 
    '2', '0', '2', '2', '1.5', '0.5', '0', 
    '0', '1', '2', '0', '10', '5.5', '9'
  );
INSERT INTO `cia3`(
  `Reg_no`, `student_name`, `coursecode`, 
  `sem`, `section`, `dept`, `staffid`, 
  `q1`, `q2`, `q3`, `q4`, `q5`, `q6`, 
  `q7`, `q8`, `q9`, `q10`, `q11`, `q12`, 
  `q13`, `q14`
) 
VALUES 
  (
    '120003005', 'Abhishek P', 'BCSCCS601R03', 
    '6', 'B', 'CSE', 'C1763', '0', '0', 
    '0', '0', '0', '0', '0', '0', '0', '0', 
    '0', '0', '0', '0'
  );
INSERT INTO `cia3`(
  `Reg_no`, `student_name`, `coursecode`, 
  `sem`, `section`, `dept`, `staffid`, 
  `q1`, `q2`, `q3`, `q4`, `q5`, `q6`, 
  `q7`, `q8`, `q9`, `q10`, `q11`, `q12`, 
  `q13`, `q14`
) 
VALUES 
  (
    '120003008', 'Adithya Natarajan', 
    'BCSCCS601R03', '6', 'B', 'CSE', 'C1763', 
    '0', '0', '0', '0', '0', '0', '0', '0', 
    '0', '0', '0', '0', '0', '0'
  );
INSERT INTO `cia3`(
  `Reg_no`, `student_name`, `coursecode`, 
  `sem`, `section`, `dept`, `staffid`, 
  `q1`, `q2`, `q3`, `q4`, `q5`, `q6`, 
  `q7`, `q8`, `q9`, `q10`, `q11`, `q12`, 
  `q13`, `q14`
) 
VALUES 
  (
    '120003013', 'Ajay Shrivatsan V', 
    'BCSCCS601R03', '6', 'B', 'CSE', 'C1763', 
    '0', '0', '0', '0', '0', '0', '0', '0', 
    '0', '0', '0', '0', '0', '0'
  );
INSERT INTO `cia3`(
  `Reg_no`, `student_name`, `coursecode`, 
  `sem`, `section`, `dept`, `staffid`, 
  `q1`, `q2`, `q3`, `q4`, `q5`, `q6`, 
  `q7`, `q8`, `q9`, `q10`, `q11`, `q12`, 
  `q13`, `q14`
) 
VALUES 
  (
    '120003021', 'Aneesha Afra A', 'BCSCCS601R03', 
    '6', 'B', 'CSE', 'C1763', '2', '2', 
    '2', '2', '0.5', '0', '0', '1.5', '1.5', 
    '2', '9', '9', '0', '4.5'
  );
INSERT INTO `cia3`(
  `Reg_no`, `student_name`, `coursecode`, 
  `sem`, `section`, `dept`, `staffid`, 
  `q1`, `q2`, `q3`, `q4`, `q5`, `q6`, 
  `q7`, `q8`, `q9`, `q10`, `q11`, `q12`, 
  `q13`, `q14`
) 
VALUES 
  (
    '120003026', 'Anuradha B', 'BCSCCS601R03', 
    '6', 'B', 'CSE', 'C1763', '1.5', '1', 
    '0', '0.5', '0.5', '0', '0', '1', '1', 
    '0', '6.5', '0', '9', '7'
  );
INSERT INTO `cia3`(
  `Reg_no`, `student_name`, `coursecode`, 
  `sem`, `section`, `dept`, `staffid`, 
  `q1`, `q2`, `q3`, `q4`, `q5`, `q6`, 
  `q7`, `q8`, `q9`, `q10`, `q11`, `q12`, 
  `q13`, `q14`
) 
VALUES 
  (
    '120003041', 'Avulapati Bharath Chowdary', 
    'BCSCCS601R03', '6', 'B', 'CSE', 'C1763', 
    '0', '0', '0', '0', '0', '0', '0', '0', 
    '0', '0', '0', '0', '0', '0'
  );
INSERT INTO `cia3`(
  `Reg_no`, `student_name`, `coursecode`, 
  `sem`, `section`, `dept`, `staffid`, 
  `q1`, `q2`, `q3`, `q4`, `q5`, `q6`, 
  `q7`, `q8`, `q9`, `q10`, `q11`, `q12`, 
  `q13`, `q14`
) 
VALUES 
  (
    '120003046', 'Bejjipuram Sai Siva Teja', 
    'BCSCCS601R03', '6', 'B', 'CSE', 'C1763', 
    '2', '1.5', '1.5', '2', '0.5', '2', 
    '1.5', '1', '1', '1.5', '8', '9.5', 
    '0', '6'
  );
INSERT INTO `cia3`(
  `Reg_no`, `student_name`, `coursecode`, 
  `sem`, `section`, `dept`, `staffid`, 
  `q1`, `q2`, `q3`, `q4`, `q5`, `q6`, 
  `q7`, `q8`, `q9`, `q10`, `q11`, `q12`, 
  `q13`, `q14`
) 
VALUES 
  (
    '120003052', 'Bommi Reddy Nithish Kumar', 
    'BCSCCS601R03', '6', 'B', 'CSE', 'C1763', 
    '0', '0', '0', '0', '0', '0', '0', '0', 
    '0', '0', '0', '0', '0', '0'
  );
INSERT INTO `cia3`(
  `Reg_no`, `student_name`, `coursecode`, 
  `sem`, `section`, `dept`, `staffid`, 
  `q1`, `q2`, `q3`, `q4`, `q5`, `q6`, 
  `q7`, `q8`, `q9`, `q10`, `q11`, `q12`, 
  `q13`, `q14`
) 
VALUES 
  (
    '120003055', 'Buvni N', 'BCSCCS601R03', 
    '6', 'B', 'CSE', 'C1763', '0', '0', 
    '0', '0', '0', '0', '0', '0', '0', '0', 
    '0', '0', '0', '0'
  );
INSERT INTO `cia3`(
  `Reg_no`, `student_name`, `coursecode`, 
  `sem`, `section`, `dept`, `staffid`, 
  `q1`, `q2`, `q3`, `q4`, `q5`, `q6`, 
  `q7`, `q8`, `q9`, `q10`, `q11`, `q12`, 
  `q13`, `q14`
) 
VALUES 
  (
    '120003057', 'Chaithanya Gandu', 
    'BCSCCS601R03', '6', 'B', 'CSE', 'C1763', 
    '0', '0', '0', '0', '0', '0', '0', '0', 
    '0', '0', '0', '0', '0', '0'
  );
INSERT INTO `cia3`(
  `Reg_no`, `student_name`, `coursecode`, 
  `sem`, `section`, `dept`, `staffid`, 
  `q1`, `q2`, `q3`, `q4`, `q5`, `q6`, 
  `q7`, `q8`, `q9`, `q10`, `q11`, `q12`, 
  `q13`, `q14`
) 
VALUES 
  (
    '120003058', 'Chakradhara Rao Gatti', 
    'BCSCCS601R03', '6', 'B', 'CSE', 'C1763', 
    '0', '0', '0', '0', '0', '0', '0', '0', 
    '0', '0', '0', '0', '0', '0'
  );
INSERT INTO `cia3`(
  `Reg_no`, `student_name`, `coursecode`, 
  `sem`, `section`, `dept`, `staffid`, 
  `q1`, `q2`, `q3`, `q4`, `q5`, `q6`, 
  `q7`, `q8`, `q9`, `q10`, `q11`, `q12`, 
  `q13`, `q14`
) 
VALUES 
  (
    '120003072', 'Danabala Naveen Srinivas', 
    'BCSCCS601R03', '6', 'B', 'CSE', 'C1763', 
    '0', '0', '0', '0', '0', '0', '0', '0', 
    '0', '0', '0', '0', '0', '0'
  );
INSERT INTO `cia3`(
  `Reg_no`, `student_name`, `coursecode`, 
  `sem`, `section`, `dept`, `staffid`, 
  `q1`, `q2`, `q3`, `q4`, `q5`, `q6`, 
  `q7`, `q8`, `q9`, `q10`, `q11`, `q12`, 
  `q13`, `q14`
) 
VALUES 
  (
    '120003075', 'Darshan S', 'BCSCCS601R03', 
    '6', 'B', 'CSE', 'C1763', '0', '0', 
    '0', '0', '0', '0', '0', '0', '0', '0', 
    '0', '0', '0', '0'
  );
INSERT INTO `cia3`(
  `Reg_no`, `student_name`, `coursecode`, 
  `sem`, `section`, `dept`, `staffid`, 
  `q1`, `q2`, `q3`, `q4`, `q5`, `q6`, 
  `q7`, `q8`, `q9`, `q10`, `q11`, `q12`, 
  `q13`, `q14`
) 
VALUES 
  (
    '120003078', 'Dhanooram N', 'BCSCCS601R03', 
    '6', 'B', 'CSE', 'C1763', '0', '0', 
    '0', '0', '0', '0', '0', '0', '0', '0', 
    '0', '0', '0', '0'
  );
INSERT INTO `cia3`(
  `Reg_no`, `student_name`, `coursecode`, 
  `sem`, `section`, `dept`, `staffid`, 
  `q1`, `q2`, `q3`, `q4`, `q5`, `q6`, 
  `q7`, `q8`, `q9`, `q10`, `q11`, `q12`, 
  `q13`, `q14`
) 
VALUES 
  (
    '120003079', 'Dhanya V S', 'BCSCCS601R03', 
    '6', 'B', 'CSE', 'C1763', '2', '0', 
    '1.5', '0', '0', '0', '0', '1', '0.5', 
    '0', '0', '5', '9.5', '0'
  );
INSERT INTO `cia3`(
  `Reg_no`, `student_name`, `coursecode`, 
  `sem`, `section`, `dept`, `staffid`, 
  `q1`, `q2`, `q3`, `q4`, `q5`, `q6`, 
  `q7`, `q8`, `q9`, `q10`, `q11`, `q12`, 
  `q13`, `q14`
) 
VALUES 
  (
    '120003081', 'Dheeban A', 'BCSCCS601R03', 
    '6', 'B', 'CSE', 'C1763', '0', '0', 
    '0', '0', '0', '0', '0', '0', '0', '0', 
    '0', '9', '3', '0'
  );
INSERT INTO `cia3`(
  `Reg_no`, `student_name`, `coursecode`, 
  `sem`, `section`, `dept`, `staffid`, 
  `q1`, `q2`, `q3`, `q4`, `q5`, `q6`, 
  `q7`, `q8`, `q9`, `q10`, `q11`, `q12`, 
  `q13`, `q14`
) 
VALUES 
  (
    '120003088', 'Gajavalli Vamsi Krishna', 
    'BCSCCS601R03', '6', 'B', 'CSE', 'C1763', 
    '0', '0', '0', '0', '0', '2', '0', '2', 
    '0', '0', '0', '5', '0', '0'
  );
INSERT INTO `cia3`(
  `Reg_no`, `student_name`, `coursecode`, 
  `sem`, `section`, `dept`, `staffid`, 
  `q1`, `q2`, `q3`, `q4`, `q5`, `q6`, 
  `q7`, `q8`, `q9`, `q10`, `q11`, `q12`, 
  `q13`, `q14`
) 
VALUES 
  (
    '120003090', 'Gajulapalli Sajid', 
    'BCSCCS601R03', '6', 'B', 'CSE', 'C1763', 
    '0', '0', '0', '0', '0', '0', '0', '0', 
    '0', '0', '0', '0', '0', '0'
  );
INSERT INTO `cia3`(
  `Reg_no`, `student_name`, `coursecode`, 
  `sem`, `section`, `dept`, `staffid`, 
  `q1`, `q2`, `q3`, `q4`, `q5`, `q6`, 
  `q7`, `q8`, `q9`, `q10`, `q11`, `q12`, 
  `q13`, `q14`
) 
VALUES 
  (
    '120003091', 'Gandra Alekhya', 'BCSCCS601R03', 
    '6', 'B', 'CSE', 'C1763', '0', '0', 
    '0', '0', '0', '0', '0', '0', '0', '0', 
    '0', '0', '0', '0'
  );
INSERT INTO `cia3`(
  `Reg_no`, `student_name`, `coursecode`, 
  `sem`, `section`, `dept`, `staffid`, 
  `q1`, `q2`, `q3`, `q4`, `q5`, `q6`, 
  `q7`, `q8`, `q9`, `q10`, `q11`, `q12`, 
  `q13`, `q14`
) 
VALUES 
  (
    '120003100', 'Gowtham S', 'BCSCCS601R03', 
    '6', 'B', 'CSE', 'C1763', '2', '0', 
    '1.5', '2', '1.5', '2', '1.5', '2', 
    '1.5', '2', '0', '6.5', '0', '2'
  );
INSERT INTO `cia3`(
  `Reg_no`, `student_name`, `coursecode`, 
  `sem`, `section`, `dept`, `staffid`, 
  `q1`, `q2`, `q3`, `q4`, `q5`, `q6`, 
  `q7`, `q8`, `q9`, `q10`, `q11`, `q12`, 
  `q13`, `q14`
) 
VALUES 
  (
    '120003105', 'Hari M', 'BCSCCS601R03', 
    '6', 'B', 'CSE', 'C1763', '2', '0', 
    '2', '2', '1', '0.5', '1', '1.5', '1.5', 
    '1.5', '9.5', '10', '0', '9'
  );
INSERT INTO `cia3`(
  `Reg_no`, `student_name`, `coursecode`, 
  `sem`, `section`, `dept`, `staffid`, 
  `q1`, `q2`, `q3`, `q4`, `q5`, `q6`, 
  `q7`, `q8`, `q9`, `q10`, `q11`, `q12`, 
  `q13`, `q14`
) 
VALUES 
  (
    '120003106', 'Hari Krishnan G', 'BCSCCS601R03', 
    '6', 'B', 'CSE', 'C1763', '2', '2', 
    '2', '2', '2', '2', '1', '1.5', '1.5', 
    '1.5', '0', '10', '6.5', '1.5'
  );
INSERT INTO `cia3`(
  `Reg_no`, `student_name`, `coursecode`, 
  `sem`, `section`, `dept`, `staffid`, 
  `q1`, `q2`, `q3`, `q4`, `q5`, `q6`, 
  `q7`, `q8`, `q9`, `q10`, `q11`, `q12`, 
  `q13`, `q14`
) 
VALUES 
  (
    '120003107', 'Hari Narayan S', 'BCSCCS601R03', 
    '6', 'B', 'CSE', 'C1763', '1.5', '0', 
    '0.5', '0', '0', '0', '0', '1.5', '0', 
    '1', '0', '0', '0', '0'
  );
INSERT INTO `cia3`(
  `Reg_no`, `student_name`, `coursecode`, 
  `sem`, `section`, `dept`, `staffid`, 
  `q1`, `q2`, `q3`, `q4`, `q5`, `q6`, 
  `q7`, `q8`, `q9`, `q10`, `q11`, `q12`, 
  `q13`, `q14`
) 
VALUES 
  (
    '120003109', 'Harichandana Vejendla', 
    'BCSCCS601R03', '6', 'B', 'CSE', 'C1763', 
    '0', '0', '0', '0', '0', '0', '0', '0', 
    '0', '0', '0', '0', '0', '0'
  );
INSERT INTO `cia3`(
  `Reg_no`, `student_name`, `coursecode`, 
  `sem`, `section`, `dept`, `staffid`, 
  `q1`, `q2`, `q3`, `q4`, `q5`, `q6`, 
  `q7`, `q8`, `q9`, `q10`, `q11`, `q12`, 
  `q13`, `q14`
) 
VALUES 
  (
    '120003114', 'Harsha Nandan Divvela D N V', 
    'BCSCCS601R03', '6', 'B', 'CSE', 'C1763', 
    '2', '1', '2', '2', '1', '1.5', '1', 
    '1.5', '1.5', '1.5', '8', '9', '0', 
    '4.5'
  );
INSERT INTO `cia3`(
  `Reg_no`, `student_name`, `coursecode`, 
  `sem`, `section`, `dept`, `staffid`, 
  `q1`, `q2`, `q3`, `q4`, `q5`, `q6`, 
  `q7`, `q8`, `q9`, `q10`, `q11`, `q12`, 
  `q13`, `q14`
) 
VALUES 
  (
    '120003118', 'Jaikanth J', 'BCSCCS601R03', 
    '6', 'B', 'CSE', 'C1763', '2', '1.5', 
    '0.5', '2', '1', '0.5', '1.5', '1.5', 
    '1', '1.5', '0', '9.5', '8.5', '6'
  );
INSERT INTO `cia3`(
  `Reg_no`, `student_name`, `coursecode`, 
  `sem`, `section`, `dept`, `staffid`, 
  `q1`, `q2`, `q3`, `q4`, `q5`, `q6`, 
  `q7`, `q8`, `q9`, `q10`, `q11`, `q12`, 
  `q13`, `q14`
) 
VALUES 
  (
    '120003119', 'Jalari Sasank', 'BCSCCS601R03', 
    '6', 'B', 'CSE', 'C1763', '1.5', '1', 
    '0.5', '0', '1', '2', '1', '0', '0.5', 
    '0.5', '0', '5', '4.5', '1.5'
  );
INSERT INTO `cia3`(
  `Reg_no`, `student_name`, `coursecode`, 
  `sem`, `section`, `dept`, `staffid`, 
  `q1`, `q2`, `q3`, `q4`, `q5`, `q6`, 
  `q7`, `q8`, `q9`, `q10`, `q11`, `q12`, 
  `q13`, `q14`
) 
VALUES 
  (
    '120003126', 'Kaavya Shree S K', 
    'BCSCCS601R03', '6', 'B', 'CSE', 'C1763', 
    '0', '0', '0', '0', '0', '0', '0', '0', 
    '0', '0', '0', '0', '0', '0'
  );
INSERT INTO `cia3`(
  `Reg_no`, `student_name`, `coursecode`, 
  `sem`, `section`, `dept`, `staffid`, 
  `q1`, `q2`, `q3`, `q4`, `q5`, `q6`, 
  `q7`, `q8`, `q9`, `q10`, `q11`, `q12`, 
  `q13`, `q14`
) 
VALUES 
  (
    '120003127', 'Kalavakolu Muni Harsha Vardhan', 
    'BCSCCS601R03', '6', 'B', 'CSE', 'C1763', 
    '0', '0', '0', '0', '0', '0', '0', '0', 
    '0', '0', '0', '0', '0', '0'
  );
INSERT INTO `cia3`(
  `Reg_no`, `student_name`, `coursecode`, 
  `sem`, `section`, `dept`, `staffid`, 
  `q1`, `q2`, `q3`, `q4`, `q5`, `q6`, 
  `q7`, `q8`, `q9`, `q10`, `q11`, `q12`, 
  `q13`, `q14`
) 
VALUES 
  (
    '120003142', 'Kaushik I', 'BCSCCS601R03', 
    '6', 'B', 'CSE', 'C1763', '0', '0', 
    '0', '0', '0', '0', '0', '0', '0', '0', 
    '0', '0', '0', '0'
  );
INSERT INTO `cia3`(
  `Reg_no`, `student_name`, `coursecode`, 
  `sem`, `section`, `dept`, `staffid`, 
  `q1`, `q2`, `q3`, `q4`, `q5`, `q6`, 
  `q7`, `q8`, `q9`, `q10`, `q11`, `q12`, 
  `q13`, `q14`
) 
VALUES 
  (
    '120003157', 'Kothai Purushothaman', 
    'BCSCCS601R03', '6', 'B', 'CSE', 'C1763', 
    '0', '0', '0', '0', '0', '0', '0', '0', 
    '0', '0', '0', '0', '0', '0'
  );
INSERT INTO `cia3`(
  `Reg_no`, `student_name`, `coursecode`, 
  `sem`, `section`, `dept`, `staffid`, 
  `q1`, `q2`, `q3`, `q4`, `q5`, `q6`, 
  `q7`, `q8`, `q9`, `q10`, `q11`, `q12`, 
  `q13`, `q14`
) 
VALUES 
  (
    '120003158', 'Kothuri Mohana Venkata Mani Sekhar', 
    'BCSCCS601R03', '6', 'B', 'CSE', 'C1763', 
    '2', '2', '2', '2', '1', '1', '1.5', 
    '1.5', '0.5', '1', '10', '10', '0', 
    '8'
  );
INSERT INTO `cia3`(
  `Reg_no`, `student_name`, `coursecode`, 
  `sem`, `section`, `dept`, `staffid`, 
  `q1`, `q2`, `q3`, `q4`, `q5`, `q6`, 
  `q7`, `q8`, `q9`, `q10`, `q11`, `q12`, 
  `q13`, `q14`
) 
VALUES 
  (
    '120003167', 'Maddula Sri Vidya', 
    'BCSCCS601R03', '6', 'B', 'CSE', 'C1763', 
    '2', '2', '0.5', '2', '0', '2', '1', 
    '2', '1', '2', '4', '5', '0', '4.5'
  );
INSERT INTO `cia3`(
  `Reg_no`, `student_name`, `coursecode`, 
  `sem`, `section`, `dept`, `staffid`, 
  `q1`, `q2`, `q3`, `q4`, `q5`, `q6`, 
  `q7`, `q8`, `q9`, `q10`, `q11`, `q12`, 
  `q13`, `q14`
) 
VALUES 
  (
    '120003181', 'Mannam Ushakiran', 
    'BCSCCS601R03', '6', 'B', 'CSE', 'C1763', 
    '0', '0', '0', '0', '0', '0', '0', '0', 
    '0', '0', '0', '0', '0', '0'
  );
INSERT INTO `cia3`(
  `Reg_no`, `student_name`, `coursecode`, 
  `sem`, `section`, `dept`, `staffid`, 
  `q1`, `q2`, `q3`, `q4`, `q5`, `q6`, 
  `q7`, `q8`, `q9`, `q10`, `q11`, `q12`, 
  `q13`, `q14`
) 
VALUES 
  (
    '120003189', 'Monisha R', 'BCSCCS601R03', 
    '6', 'B', 'CSE', 'C1763', '1', '1', 
    '1.5', '0.5', '0.5', '2', '2', '2', 
    '1', '2', '7.5', '0', '7', '4'
  );
INSERT INTO `cia3`(
  `Reg_no`, `student_name`, `coursecode`, 
  `sem`, `section`, `dept`, `staffid`, 
  `q1`, `q2`, `q3`, `q4`, `q5`, `q6`, 
  `q7`, `q8`, `q9`, `q10`, `q11`, `q12`, 
  `q13`, `q14`
) 
VALUES 
  (
    '120003192', 'Mummani Nuthan Naga Sai', 
    'BCSCCS601R03', '6', 'B', 'CSE', 'C1763', 
    '0', '0', '0', '0', '0', '0', '0', '0', 
    '0', '0', '0', '0', '0', '0'
  );
INSERT INTO `cia3`(
  `Reg_no`, `student_name`, `coursecode`, 
  `sem`, `section`, `dept`, `staffid`, 
  `q1`, `q2`, `q3`, `q4`, `q5`, `q6`, 
  `q7`, `q8`, `q9`, `q10`, `q11`, `q12`, 
  `q13`, `q14`
) 
VALUES 
  (
    '120003207', 'Nibitha N', 'BCSCCS601R03', 
    '6', 'B', 'CSE', 'C1763', '0', '0', 
    '0', '0', '0', '0', '0', '0', '0', '0', 
    '0', '0', '0', '0'
  );
INSERT INTO `cia3`(
  `Reg_no`, `student_name`, `coursecode`, 
  `sem`, `section`, `dept`, `staffid`, 
  `q1`, `q2`, `q3`, `q4`, `q5`, `q6`, 
  `q7`, `q8`, `q9`, `q10`, `q11`, `q12`, 
  `q13`, `q14`
) 
VALUES 
  (
    '120003221', 'Pillutla Sai Sameer Sri Vastav', 
    'BCSCCS601R03', '6', 'B', 'CSE', 'C1763', 
    '2', '0.5', '0.5', '2', '1.5', '0.5', 
    '1.5', '1', '1', '0.5', '0', '9', '7.5', 
    '5'
  );
INSERT INTO `cia3`(
  `Reg_no`, `student_name`, `coursecode`, 
  `sem`, `section`, `dept`, `staffid`, 
  `q1`, `q2`, `q3`, `q4`, `q5`, `q6`, 
  `q7`, `q8`, `q9`, `q10`, `q11`, `q12`, 
  `q13`, `q14`
) 
VALUES 
  (
    '120003242', 'Rajaram R', 'BCSCCS601R03', 
    '6', 'B', 'CSE', 'C1763', '0', '0', 
    '0', '0', '0', '0', '0', '0', '0', '0', 
    '0', '0', '0', '0'
  );
INSERT INTO `cia3`(
  `Reg_no`, `student_name`, `coursecode`, 
  `sem`, `section`, `dept`, `staffid`, 
  `q1`, `q2`, `q3`, `q4`, `q5`, `q6`, 
  `q7`, `q8`, `q9`, `q10`, `q11`, `q12`, 
  `q13`, `q14`
) 
VALUES 
  (
    '120003243', 'Ram Jagannath U', 'BCSCCS601R03', 
    '6', 'B', 'CSE', 'C1763', '0', '0', 
    '0', '0', '0', '0', '0', '0', '0', '0', 
    '0', '0', '0', '0'
  );
INSERT INTO `cia3`(
  `Reg_no`, `student_name`, `coursecode`, 
  `sem`, `section`, `dept`, `staffid`, 
  `q1`, `q2`, `q3`, `q4`, `q5`, `q6`, 
  `q7`, `q8`, `q9`, `q10`, `q11`, `q12`, 
  `q13`, `q14`
) 
VALUES 
  (
    '120003258', 'Redrouthu Bhanu Tejaswini', 
    'BCSCCS601R03', '6', 'B', 'CSE', 'C1763', 
    '0', '0', '0', '0', '0', '0', '0', '0', 
    '0', '0', '0', '0', '0', '0'
  );
INSERT INTO `cia3`(
  `Reg_no`, `student_name`, `coursecode`, 
  `sem`, `section`, `dept`, `staffid`, 
  `q1`, `q2`, `q3`, `q4`, `q5`, `q6`, 
  `q7`, `q8`, `q9`, `q10`, `q11`, `q12`, 
  `q13`, `q14`
) 
VALUES 
  (
    '120003266', 'Sanagapalli Manoj Kumar Gupta', 
    'BCSCCS601R03', '6', 'B', 'CSE', 'C1763', 
    '2', '1.5', '1.5', '2', '0.5', '2', 
    '1', '0.5', '0.5', '2', '0', '0', '0', 
    '8'
  );
INSERT INTO `cia3`(
  `Reg_no`, `student_name`, `coursecode`, 
  `sem`, `section`, `dept`, `staffid`, 
  `q1`, `q2`, `q3`, `q4`, `q5`, `q6`, 
  `q7`, `q8`, `q9`, `q10`, `q11`, `q12`, 
  `q13`, `q14`
) 
VALUES 
  (
    '120003267', 'Sandhiya T', 'BCSCCS601R03', 
    '6', 'B', 'CSE', 'C1763', '0', '0', 
    '0', '0', '0', '0', '0', '0', '0', '0', 
    '0', '0', '0', '0'
  );
INSERT INTO `cia3`(
  `Reg_no`, `student_name`, `coursecode`, 
  `sem`, `section`, `dept`, `staffid`, 
  `q1`, `q2`, `q3`, `q4`, `q5`, `q6`, 
  `q7`, `q8`, `q9`, `q10`, `q11`, `q12`, 
  `q13`, `q14`
) 
VALUES 
  (
    '120003268', 'Sandhya G', 'BCSCCS601R03', 
    '6', 'B', 'CSE', 'C1763', '0', '0', 
    '0', '0', '0', '0', '0', '0', '0', '0', 
    '0', '0', '0', '0'
  );
INSERT INTO `cia3`(
  `Reg_no`, `student_name`, `coursecode`, 
  `sem`, `section`, `dept`, `staffid`, 
  `q1`, `q2`, `q3`, `q4`, `q5`, `q6`, 
  `q7`, `q8`, `q9`, `q10`, `q11`, `q12`, 
  `q13`, `q14`
) 
VALUES 
  (
    '120003274', 'Saranya R P', 'BCSCCS601R03', 
    '6', 'B', 'CSE', 'C1763', '0.5', '2', 
    '0.5', '2', '1.5', '2', '0', '1.5', 
    '2', '0', '5.5', '5', '0', '6'
  );
INSERT INTO `cia3`(
  `Reg_no`, `student_name`, `coursecode`, 
  `sem`, `section`, `dept`, `staffid`, 
  `q1`, `q2`, `q3`, `q4`, `q5`, `q6`, 
  `q7`, `q8`, `q9`, `q10`, `q11`, `q12`, 
  `q13`, `q14`
) 
VALUES 
  (
    '120003278', 'Saveri Sumadyuti Ayyagari', 
    'BCSCCS601R03', '6', 'B', 'CSE', 'C1763', 
    '0', '0', '0', '0', '0', '0', '0', '0', 
    '0', '0', '0', '0', '0', '0'
  );
INSERT INTO `cia3`(
  `Reg_no`, `student_name`, `coursecode`, 
  `sem`, `section`, `dept`, `staffid`, 
  `q1`, `q2`, `q3`, `q4`, `q5`, `q6`, 
  `q7`, `q8`, `q9`, `q10`, `q11`, `q12`, 
  `q13`, `q14`
) 
VALUES 
  (
    '120003282', 'Shaik Kanubai Mohammad Maheer', 
    'BCSCCS601R03', '6', 'B', 'CSE', 'C1763', 
    '0', '0', '0', '0', '0', '0', '0', '0', 
    '0', '0', '0', '0', '0', '0'
  );
INSERT INTO `cia3`(
  `Reg_no`, `student_name`, `coursecode`, 
  `sem`, `section`, `dept`, `staffid`, 
  `q1`, `q2`, `q3`, `q4`, `q5`, `q6`, 
  `q7`, `q8`, `q9`, `q10`, `q11`, `q12`, 
  `q13`, `q14`
) 
VALUES 
  (
    '120003296', 'Soma Venkata Sampath Kumar Reddy', 
    'BCSCCS601R03', '6', 'B', 'CSE', 'C1763', 
    '0', '0', '0', '0', '0', '0', '0', '0', 
    '0', '0', '0', '0', '0', '0'
  );
INSERT INTO `cia3`(
  `Reg_no`, `student_name`, `coursecode`, 
  `sem`, `section`, `dept`, `staffid`, 
  `q1`, `q2`, `q3`, `q4`, `q5`, `q6`, 
  `q7`, `q8`, `q9`, `q10`, `q11`, `q12`, 
  `q13`, `q14`
) 
VALUES 
  (
    '120003301', 'Sreevathsan K', 'BCSCCS601R03', 
    '6', 'B', 'CSE', 'C1763', '0', '0', 
    '0', '0', '0', '0', '0', '0', '0', '0', 
    '0', '0', '0', '0'
  );
INSERT INTO `cia3`(
  `Reg_no`, `student_name`, `coursecode`, 
  `sem`, `section`, `dept`, `staffid`, 
  `q1`, `q2`, `q3`, `q4`, `q5`, `q6`, 
  `q7`, `q8`, `q9`, `q10`, `q11`, `q12`, 
  `q13`, `q14`
) 
VALUES 
  (
    '120003306', 'Srijanani S', 'BCSCCS601R03', 
    '6', 'B', 'CSE', 'C1763', '0', '0', 
    '0', '0', '0', '0', '0', '0', '0', '0', 
    '0', '0', '0', '0'
  );
INSERT INTO `cia3`(
  `Reg_no`, `student_name`, `coursecode`, 
  `sem`, `section`, `dept`, `staffid`, 
  `q1`, `q2`, `q3`, `q4`, `q5`, `q6`, 
  `q7`, `q8`, `q9`, `q10`, `q11`, `q12`, 
  `q13`, `q14`
) 
VALUES 
  (
    '120003313', 'Srivattsan G', 'BCSCCS601R03', 
    '6', 'B', 'CSE', 'C1763', '0', '0', 
    '0', '0', '0', '0', '0', '0', '0', '0', 
    '0', '0', '0', '0'
  );
INSERT INTO `cia3`(
  `Reg_no`, `student_name`, `coursecode`, 
  `sem`, `section`, `dept`, `staffid`, 
  `q1`, `q2`, `q3`, `q4`, `q5`, `q6`, 
  `q7`, `q8`, `q9`, `q10`, `q11`, `q12`, 
  `q13`, `q14`
) 
VALUES 
  (
    '120003331', 'Thyarana Durgam Jashwanth', 
    'BCSCCS601R03', '6', 'B', 'CSE', 'C1763', 
    '1.5', '0', '0', '2', '0', '0', '0', 
    '0', '2', '1.5', '0', '0', '0', '0'
  );
INSERT INTO `cia3`(
  `Reg_no`, `student_name`, `coursecode`, 
  `sem`, `section`, `dept`, `staffid`, 
  `q1`, `q2`, `q3`, `q4`, `q5`, `q6`, 
  `q7`, `q8`, `q9`, `q10`, `q11`, `q12`, 
  `q13`, `q14`
) 
VALUES 
  (
    '120003334', 'Tunuguntla Venkata Sai Krishna', 
    'BCSCCS601R03', '6', 'B', 'CSE', 'C1763', 
    '0', '0', '0', '0', '0', '0', '0', '0', 
    '0', '0', '0', '0', '0', '0'
  );
INSERT INTO `cia3`(
  `Reg_no`, `student_name`, `coursecode`, 
  `sem`, `section`, `dept`, `staffid`, 
  `q1`, `q2`, `q3`, `q4`, `q5`, `q6`, 
  `q7`, `q8`, `q9`, `q10`, `q11`, `q12`, 
  `q13`, `q14`
) 
VALUES 
  (
    '120003345', 'Vasireddy Manasa', 
    'BCSCCS601R03', '6', 'B', 'CSE', 'C1763', 
    '0', '0', '0', '0', '0', '0', '0', '0', 
    '0', '0', '0', '0', '0', '0'
  );
INSERT INTO `cia3`(
  `Reg_no`, `student_name`, `coursecode`, 
  `sem`, `section`, `dept`, `staffid`, 
  `q1`, `q2`, `q3`, `q4`, `q5`, `q6`, 
  `q7`, `q8`, `q9`, `q10`, `q11`, `q12`, 
  `q13`, `q14`
) 
VALUES 
  (
    '120003350', 'Venkatesh P', 'BCSCCS601R03', 
    '6', 'B', 'CSE', 'C1763', '2', '1.5', 
    '1.5', '2', '2', '1.5', '1.5', '1.5', 
    '2', '1.5', '6.5', '8.5', '0', '3'
  );
INSERT INTO `cia3`(
  `Reg_no`, `student_name`, `coursecode`, 
  `sem`, `section`, `dept`, `staffid`, 
  `q1`, `q2`, `q3`, `q4`, `q5`, `q6`, 
  `q7`, `q8`, `q9`, `q10`, `q11`, `q12`, 
  `q13`, `q14`
) 
VALUES 
  (
    '120003352', 'Venkateshwaran S', 
    'BCSCCS601R03', '6', 'B', 'CSE', 'C1763', 
    '0', '0', '0', '0', '0', '0', '0', '0', 
    '0', '0', '0', '0', '0', '0'
  );
INSERT INTO `cia3`(
  `Reg_no`, `student_name`, `coursecode`, 
  `sem`, `section`, `dept`, `staffid`, 
  `q1`, `q2`, `q3`, `q4`, `q5`, `q6`, 
  `q7`, `q8`, `q9`, `q10`, `q11`, `q12`, 
  `q13`, `q14`
) 
VALUES 
  (
    '120003353', 'Venkatraman M', 'BCSCCS601R03', 
    '6', 'B', 'CSE', 'C1763', '1.5', '1', 
    '1.5', '2', '1', '2', '1', '0.5', '1', 
    '1.5', '7.5', '4', '0', '8'
  );
INSERT INTO `cia3`(
  `Reg_no`, `student_name`, `coursecode`, 
  `sem`, `section`, `dept`, `staffid`, 
  `q1`, `q2`, `q3`, `q4`, `q5`, `q6`, 
  `q7`, `q8`, `q9`, `q10`, `q11`, `q12`, 
  `q13`, `q14`
) 
VALUES 
  (
    '120003369', 'Viswanatham Visweswara Sarma', 
    'BCSCCS601R03', '6', 'B', 'CSE', 'C1763', 
    '0', '0', '0', '0', '0', '0', '0', '0', 
    '0', '0', '0', '0', '0', '0'
  );
INSERT INTO `cia3`(
  `Reg_no`, `student_name`, `coursecode`, 
  `sem`, `section`, `dept`, `staffid`, 
  `q1`, `q2`, `q3`, `q4`, `q5`, `q6`, 
  `q7`, `q8`, `q9`, `q10`, `q11`, `q12`, 
  `q13`, `q14`
) 
VALUES 
  (
    '120003370', 'Viswesh N G', 'BCSCCS601R03', 
    '6', 'B', 'CSE', 'C1763', '0', '0', 
    '0', '0', '0', '0', '0', '0', '0', '0', 
    '0', '0', '0', '0'
  );
INSERT INTO `cia3`(
  `Reg_no`, `student_name`, `coursecode`, 
  `sem`, `section`, `dept`, `staffid`, 
  `q1`, `q2`, `q3`, `q4`, `q5`, `q6`, 
  `q7`, `q8`, `q9`, `q10`, `q11`, `q12`, 
  `q13`, `q14`
) 
VALUES 
  (
    '120003377', 'Yatirajulu B V S S M P', 
    'BCSCCS601R03', '6', 'B', 'CSE', 'C1763', 
    '0', '0', '0', '0', '0', '0', '0', '0', 
    '0', '0', '0', '0', '0', '0'
  );
INSERT INTO `cia3`(
  `Reg_no`, `student_name`, `coursecode`, 
  `sem`, `section`, `dept`, `staffid`, 
  `q1`, `q2`, `q3`, `q4`, `q5`, `q6`, 
  `q7`, `q8`, `q9`, `q10`, `q11`, `q12`, 
  `q13`, `q14`
) 
VALUES 
  (
    '119003168', 'Sriranjani S', 'BCSCCS601R03', 
    '6', 'B', 'CSE', 'C1763', '2', '2', 
    '2', '1', '1.5', '0', '2', '0', '0', 
    '1.5', '8.5', '2.5', '0', '7.5'
  );
UPDATE 
  cia3 
set 
  CO1 = q2 + q3 + q11 
where 
  staffid = 'C1763' 
  AND coursecode = 'BCSCCS601R03';
UPDATE 
  cia3 
set 
  CO2 = q1 + q4 + q6 
where 
  staffid = 'C1763' 
  AND coursecode = 'BCSCCS601R03';
UPDATE 
  cia3 
set 
  CO3 = q5 + q9 + q12 + q14 
where 
  staffid = 'C1763' 
  AND coursecode = 'BCSCCS601R03';
UPDATE 
  cia3 
set 
  CO4 = q7 + q8 + q10 + q13 
where 
  staffid = 'C1763' 
  AND coursecode = 'BCSCCS601R03';

