INSERT INTO
   `cia1`(`Reg_no`, `student_name`, `coursecode`, `sem`, `section`, `dept`, `staffid`, `q1`, `q2`, `q3`, `q4`, `q5`, `q6`, `q7`, `q8`, `q9`, `q10`, `q11`, `q12`, `q13`) 
VALUES
   (
      '120003006', 'ABOORANI A', 'BCSCCS602R03', '6', 'A', 'CSE', 'C130', '1', '0', '1', '1', '0', '0', '1', '0', '0', '0', '10', '6', '5'
   )
;
INSERT INTO
   `cia1`(`Reg_no`, `student_name`, `coursecode`, `sem`, `section`, `dept`, `staffid`, `q1`, `q2`, `q3`, `q4`, `q5`, `q6`, `q7`, `q8`, `q9`, `q10`, `q11`, `q12`, `q13`) 
VALUES
   (
      '120003010', 'AJAY KARTHICK S', 'BCSCCS602R03', '6', 'A', 'CSE', 'C130', '0', '0', '0', '2', '0', '0', '1', '1', '1', '0', '10', '10', '1'
   )
;
INSERT INTO
   `cia1`(`Reg_no`, `student_name`, `coursecode`, `sem`, `section`, `dept`, `staffid`, `q1`, `q2`, `q3`, `q4`, `q5`, `q6`, `q7`, `q8`, `q9`, `q10`, `q11`, `q12`, `q13`) 
VALUES
   (
      '120003017', 'ALAMELUMEENAKSHI V', 'BCSCCS602R03', '6', 'A', 'CSE', 'C130', '2', '1', '1', '2', '0', '0', '0', '0', '2', '1', '10', '10', '0'
   )
;
INSERT INTO
   `cia1`(`Reg_no`, `student_name`, `coursecode`, `sem`, `section`, `dept`, `staffid`, `q1`, `q2`, `q3`, `q4`, `q5`, `q6`, `q7`, `q8`, `q9`, `q10`, `q11`, `q12`, `q13`) 
VALUES
   (
      '120003019', 'AMBATI BHARGAVI REDDY', 'BCSCCS602R03', '6', 'A', 'CSE', 'C130', '2', '2', '0', '2', '0', '0', '0', '0', '0', '0', '10', '8', '3'
   )
;
INSERT INTO
   `cia1`(`Reg_no`, `student_name`, `coursecode`, `sem`, `section`, `dept`, `staffid`, `q1`, `q2`, `q3`, `q4`, `q5`, `q6`, `q7`, `q8`, `q9`, `q10`, `q11`, `q12`, `q13`) 
VALUES
   (
      '120003032', 'ARTHIKA S', 'BCSCCS602R03', '6', 'A', 'CSE', 'C130', '2', '0', '0', '2', '0', '2', '1', '2', '1', '0', '7', '10', '0'
   )
;
INSERT INTO
   `cia1`(`Reg_no`, `student_name`, `coursecode`, `sem`, `section`, `dept`, `staffid`, `q1`, `q2`, `q3`, `q4`, `q5`, `q6`, `q7`, `q8`, `q9`, `q10`, `q11`, `q12`, `q13`) 
VALUES
   (
      '120003033', 'ARUNKUMAR K', 'BCSCCS602R03', '6', 'A', 'CSE', 'C130', '2', '1', '2', '2', '1', '1', '1', '2', '1', '0', '10', '9', '0'
   )
;
INSERT INTO
   `cia1`(`Reg_no`, `student_name`, `coursecode`, `sem`, `section`, `dept`, `staffid`, `q1`, `q2`, `q3`, `q4`, `q5`, `q6`, `q7`, `q8`, `q9`, `q10`, `q11`, `q12`, `q13`) 
VALUES
   (
      '120003037', 'ASHWINI SIVARANJANI R S', 'BCSCCS602R03', '6', 'A', 'CSE', 'C130', '1', '1', '0', '2', '0', '2', '1', '2', '0.5', '0', '10', '9', '3'
   )
;
INSERT INTO
   `cia1`(`Reg_no`, `student_name`, `coursecode`, `sem`, `section`, `dept`, `staffid`, `q1`, `q2`, `q3`, `q4`, `q5`, `q6`, `q7`, `q8`, `q9`, `q10`, `q11`, `q12`, `q13`) 
VALUES
   (
      '120003050', 'BHUVANESHWARI S', 'BCSCCS602R03', '6', 'A', 'CSE', 'C130', '1', '1', '2', '0', '0', '1', '0', '0.5', '0', '5', '8', '4', '0'
   )
;
INSERT INTO
   `cia1`(`Reg_no`, `student_name`, `coursecode`, `sem`, `section`, `dept`, `staffid`, `q1`, `q2`, `q3`, `q4`, `q5`, `q6`, `q7`, `q8`, `q9`, `q10`, `q11`, `q12`, `q13`) 
VALUES
   (
      '120003064', 'CHEJARLA VENKATA SURYA SAI VARSHINI', 'BCSCCS602R03', '6', 'A', 'CSE', 'C130', '1', '1', '2', '2', '2', '2', '1', '2', '0.5', '1', '10', '10', '10'
   )
;
INSERT INTO
   `cia1`(`Reg_no`, `student_name`, `coursecode`, `sem`, `section`, `dept`, `staffid`, `q1`, `q2`, `q3`, `q4`, `q5`, `q6`, `q7`, `q8`, `q9`, `q10`, `q11`, `q12`, `q13`) 
VALUES
   (
      '120003077', 'DEVIREDDY NAGALAKSHMI DURGA NIHARIKA', 'BCSCCS602R03', '6', 'A', 'CSE', 'C130', '1', '1', '1', '2', '0', '2', '2', '2', '1', '0', '10', '8', '3'
   )
;
INSERT INTO
   `cia1`(`Reg_no`, `student_name`, `coursecode`, `sem`, `section`, `dept`, `staffid`, `q1`, `q2`, `q3`, `q4`, `q5`, `q6`, `q7`, `q8`, `q9`, `q10`, `q11`, `q12`, `q13`) 
VALUES
   (
      '120003083', 'DIVYA V', 'BCSCCS602R03', '6', 'A', 'CSE', 'C130', '1', '1', '0', '2', '1', '0', '1', '2', '1', '0', '4', '8', '10'
   )
;
INSERT INTO
   `cia1`(`Reg_no`, `student_name`, `coursecode`, `sem`, `section`, `dept`, `staffid`, `q1`, `q2`, `q3`, `q4`, `q5`, `q6`, `q7`, `q8`, `q9`, `q10`, `q11`, `q12`, `q13`) 
VALUES
   (
      '120003084', 'DIVYASSHREE N', 'BCSCCS602R03', '6', 'A', 'CSE', 'C130', '1', '1', '1', '2', '1', '2', '0', '2', '1', '0', '4', '8', '3'
   )
;
INSERT INTO
   `cia1`(`Reg_no`, `student_name`, `coursecode`, `sem`, `section`, `dept`, `staffid`, `q1`, `q2`, `q3`, `q4`, `q5`, `q6`, `q7`, `q8`, `q9`, `q10`, `q11`, `q12`, `q13`) 
VALUES
   (
      '120003085', 'DUGGAMPUDI PHANINDRA REDDY', 'BCSCCS602R03', '6', 'A', 'CSE', 'C130', '1', '1', '0', '2', '0', '0', '0', '0.5', '0.5', '0', '10', '5', '3'
   )
;
INSERT INTO
   `cia1`(`Reg_no`, `student_name`, `coursecode`, `sem`, `section`, `dept`, `staffid`, `q1`, `q2`, `q3`, `q4`, `q5`, `q6`, `q7`, `q8`, `q9`, `q10`, `q11`, `q12`, `q13`) 
VALUES
   (
      '120003092', 'GANGANABOINA DIVYA', 'BCSCCS602R03', '6', 'A', 'CSE', 'C130', '0', '0', '0', '2', '2', '2', '1', '2', '1', '1', '10', '8', '2'
   )
;
INSERT INTO
   `cia1`(`Reg_no`, `student_name`, `coursecode`, `sem`, `section`, `dept`, `staffid`, `q1`, `q2`, `q3`, `q4`, `q5`, `q6`, `q7`, `q8`, `q9`, `q10`, `q11`, `q12`, `q13`) 
VALUES
   (
      '120003095', 'GAYATHRI T C', 'BCSCCS602R03', '6', 'A', 'CSE', 'C130', '0', '0', '0', '2', '0', '0', '2', '0', '1', '0', '10', '7', '0'
   )
;
INSERT INTO
   `cia1`(`Reg_no`, `student_name`, `coursecode`, `sem`, `section`, `dept`, `staffid`, `q1`, `q2`, `q3`, `q4`, `q5`, `q6`, `q7`, `q8`, `q9`, `q10`, `q11`, `q12`, `q13`) 
VALUES
   (
      '120003103', 'GUDDATI PRANAY DAYAL', 'BCSCCS602R03', '6', 'A', 'CSE', 'C130', '1', '1', '1', '2', '0', '0', '0', '0', '2', '1', '10', '7', '10'
   )
;
INSERT INTO
   `cia1`(`Reg_no`, `student_name`, `coursecode`, `sem`, `section`, `dept`, `staffid`, `q1`, `q2`, `q3`, `q4`, `q5`, `q6`, `q7`, `q8`, `q9`, `q10`, `q11`, `q12`, `q13`) 
VALUES
   (
      '120003108', 'HARI PRASATH M', 'BCSCCS602R03', '6', 'A', 'CSE', 'C130', '2', '2', '2', '2', '2', '0', '1', '0', '1', '0', '10', '10', '10'
   )
;
INSERT INTO
   `cia1`(`Reg_no`, `student_name`, `coursecode`, `sem`, `section`, `dept`, `staffid`, `q1`, `q2`, `q3`, `q4`, `q5`, `q6`, `q7`, `q8`, `q9`, `q10`, `q11`, `q12`, `q13`) 
VALUES
   (
      '120003112', 'HARISH KANNA R G', 'BCSCCS602R03', '6', 'A', 'CSE', 'C130', '2', '2', '0', '2', '0', '2', '0', '0', '1', '0', '4', '8', '1'
   )
;
INSERT INTO
   `cia1`(`Reg_no`, `student_name`, `coursecode`, `sem`, `section`, `dept`, `staffid`, `q1`, `q2`, `q3`, `q4`, `q5`, `q6`, `q7`, `q8`, `q9`, `q10`, `q11`, `q12`, `q13`) 
VALUES
   (
      '120003116', 'ILAKKIYAA N S', 'BCSCCS602R03', '6', 'A', 'CSE', 'C130', '2', '0', '1', '2', '1', '0', '1', '2', '1', '0', '3', '7', '0'
   )
;
INSERT INTO
   `cia1`(`Reg_no`, `student_name`, `coursecode`, `sem`, `section`, `dept`, `staffid`, `q1`, `q2`, `q3`, `q4`, `q5`, `q6`, `q7`, `q8`, `q9`, `q10`, `q11`, `q12`, `q13`) 
VALUES
   (
      '120003120', 'JANANE R L', 'BCSCCS602R03', '6', 'A', 'CSE', 'C130', '2', '2', '2', '2', '2', '2', '0.5', '2', '1.5', '0', '5', '8', '10'
   )
;
INSERT INTO
   `cia1`(`Reg_no`, `student_name`, `coursecode`, `sem`, `section`, `dept`, `staffid`, `q1`, `q2`, `q3`, `q4`, `q5`, `q6`, `q7`, `q8`, `q9`, `q10`, `q11`, `q12`, `q13`) 
VALUES
   (
      '120003130', 'KAMMANA GOWTHAM KUMAR', 'BCSCCS602R03', '6', 'A', 'CSE', 'C130', '0', '0', '0', '0', '0', '0', '0', '0', '0', '0', '0', '0', '0'
   )
;
INSERT INTO
   `cia1`(`Reg_no`, `student_name`, `coursecode`, `sem`, `section`, `dept`, `staffid`, `q1`, `q2`, `q3`, `q4`, `q5`, `q6`, `q7`, `q8`, `q9`, `q10`, `q11`, `q12`, `q13`) 
VALUES
   (
      '120003131', 'KANMANI R', 'BCSCCS602R03', '6', 'A', 'CSE', 'C130', '2', '1', '1', '2', '0', '0', '0', '2', '1.5', '0.5', '10', '5', '0'
   )
;
INSERT INTO
   `cia1`(`Reg_no`, `student_name`, `coursecode`, `sem`, `section`, `dept`, `staffid`, `q1`, `q2`, `q3`, `q4`, `q5`, `q6`, `q7`, `q8`, `q9`, `q10`, `q11`, `q12`, `q13`) 
VALUES
   (
      '120003135', 'KARANAM JYOTHISWAROOP', 'BCSCCS602R03', '6', 'A', 'CSE', 'C130', '2', '1', '0', '2', '1', '0', '2', '0', '0.5', '0', '8', '8', '3'
   )
;
INSERT INTO
   `cia1`(`Reg_no`, `student_name`, `coursecode`, `sem`, `section`, `dept`, `staffid`, `q1`, `q2`, `q3`, `q4`, `q5`, `q6`, `q7`, `q8`, `q9`, `q10`, `q11`, `q12`, `q13`) 
VALUES
   (
      '120003143', 'KEERTHI G', 'BCSCCS602R03', '6', 'A', 'CSE', 'C130', '1', '0', '0', '2', '0', '0', '1', '2', '0.5', '0.5', '9', '6', '2'
   )
;
INSERT INTO
   `cia1`(`Reg_no`, `student_name`, `coursecode`, `sem`, `section`, `dept`, `staffid`, `q1`, `q2`, `q3`, `q4`, `q5`, `q6`, `q7`, `q8`, `q9`, `q10`, `q11`, `q12`, `q13`) 
VALUES
   (
      '120003147', 'KETHAVARAPU TARUN KUMAR', 'BCSCCS602R03', '6', 'A', 'CSE', 'C130', '1', '1', '0', '2', '1', '0', '0', '0', '0.5', '0.5', '10', '5', '3'
   )
;
INSERT INTO
   `cia1`(`Reg_no`, `student_name`, `coursecode`, `sem`, `section`, `dept`, `staffid`, `q1`, `q2`, `q3`, `q4`, `q5`, `q6`, `q7`, `q8`, `q9`, `q10`, `q11`, `q12`, `q13`) 
VALUES
   (
      '120003150', 'KIRUBASRI S', 'BCSCCS602R03', '6', 'A', 'CSE', 'C130', '2', '1', '0', '2', '1', '2', '0', '2', '1.5', '0', '10', '7', '3'
   )
;
INSERT INTO
   `cia1`(`Reg_no`, `student_name`, `coursecode`, `sem`, `section`, `dept`, `staffid`, `q1`, `q2`, `q3`, `q4`, `q5`, `q6`, `q7`, `q8`, `q9`, `q10`, `q11`, `q12`, `q13`) 
VALUES
   (
      '120003164', 'LAKSHMANAN S', 'BCSCCS602R03', '6', 'A', 'CSE', 'C130', '1', '1', '0', '2', '1', '2', '0', '0', '1', '0', '4', '6', '0'
   )
;
INSERT INTO
   `cia1`(`Reg_no`, `student_name`, `coursecode`, `sem`, `section`, `dept`, `staffid`, `q1`, `q2`, `q3`, `q4`, `q5`, `q6`, `q7`, `q8`, `q9`, `q10`, `q11`, `q12`, `q13`) 
VALUES
   (
      '120003168', 'MADHUMITHA K', 'BCSCCS602R03', '6', 'A', 'CSE', 'C130', '1', '0', '1', '2', '0', '2', '1', '2', '2', '0', '10', '8', '10'
   )
;
INSERT INTO
   `cia1`(`Reg_no`, `student_name`, `coursecode`, `sem`, `section`, `dept`, `staffid`, `q1`, `q2`, `q3`, `q4`, `q5`, `q6`, `q7`, `q8`, `q9`, `q10`, `q11`, `q12`, `q13`) 
VALUES
   (
      '120003185', 'MITCHELLE FLAVIA JEROME M', 'BCSCCS602R03', '6', 'A', 'CSE', 'C130', '0', '1', '0', '2', '2', '0', '1', '0', '1.5', '0', '10', '8', '2'
   )
;
INSERT INTO
   `cia1`(`Reg_no`, `student_name`, `coursecode`, `sem`, `section`, `dept`, `staffid`, `q1`, `q2`, `q3`, `q4`, `q5`, `q6`, `q7`, `q8`, `q9`, `q10`, `q11`, `q12`, `q13`) 
VALUES
   (
      '120003186', 'MOGADAMPALLI JAYANTH', 'BCSCCS602R03', '6', 'A', 'CSE', 'C130', '2', '0.5', '0', '2', '2', '0', '1', '2', '1', '1', '10', '9', '0'
   )
;
INSERT INTO
   `cia1`(`Reg_no`, `student_name`, `coursecode`, `sem`, `section`, `dept`, `staffid`, `q1`, `q2`, `q3`, `q4`, `q5`, `q6`, `q7`, `q8`, `q9`, `q10`, `q11`, `q12`, `q13`) 
VALUES
   (
      '120003195', 'MUNJI AKASH', 'BCSCCS602R03', '6', 'A', 'CSE', 'C130', '2', '0.5', '0', '0.5', '0', '0', '0', '0', '0', '0.5', '4', '0', '10'
   )
;
INSERT INTO
   `cia1`(`Reg_no`, `student_name`, `coursecode`, `sem`, `section`, `dept`, `staffid`, `q1`, `q2`, `q3`, `q4`, `q5`, `q6`, `q7`, `q8`, `q9`, `q10`, `q11`, `q12`, `q13`) 
VALUES
   (
      '120003197', 'NAGUBANDI KRISHNA VAMSI', 'BCSCCS602R03', '6', 'A', 'CSE', 'C130', '2', '2', '0', '2', '2', '1', '0', '0', '2', '0', '9', '8', '2'
   )
;
INSERT INTO
   `cia1`(`Reg_no`, `student_name`, `coursecode`, `sem`, `section`, `dept`, `staffid`, `q1`, `q2`, `q3`, `q4`, `q5`, `q6`, `q7`, `q8`, `q9`, `q10`, `q11`, `q12`, `q13`) 
VALUES
   (
      '120003201', 'NALLURI SRI RAJA RAJESWARI DEVI', 'BCSCCS602R03', '6', 'A', 'CSE', 'C130', '0', '0', '0', '2', '0', '2', '1', '0', '0', '0', '9', '8', '2'
   )
;
INSERT INTO
   `cia1`(`Reg_no`, `student_name`, `coursecode`, `sem`, `section`, `dept`, `staffid`, `q1`, `q2`, `q3`, `q4`, `q5`, `q6`, `q7`, `q8`, `q9`, `q10`, `q11`, `q12`, `q13`) 
VALUES
   (
      '120003204', 'NARMADHA A', 'BCSCCS602R03', '6', 'A', 'CSE', 'C130', '2', '2', '0', '2', '1', '2', '0', '2', '1', '0', '10', '2', '2'
   )
;
INSERT INTO
   `cia1`(`Reg_no`, `student_name`, `coursecode`, `sem`, `section`, `dept`, `staffid`, `q1`, `q2`, `q3`, `q4`, `q5`, `q6`, `q7`, `q8`, `q9`, `q10`, `q11`, `q12`, `q13`) 
VALUES
   (
      '120003211', 'NIVEDITHA S K', 'BCSCCS602R03', '6', 'A', 'CSE', 'C130', '2', '2', '1', '2', '2', '0', '2', '2', '1', '0', '10', '8', '3'
   )
;
INSERT INTO
   `cia1`(`Reg_no`, `student_name`, `coursecode`, `sem`, `section`, `dept`, `staffid`, `q1`, `q2`, `q3`, `q4`, `q5`, `q6`, `q7`, `q8`, `q9`, `q10`, `q11`, `q12`, `q13`) 
VALUES
   (
      '120003212', 'NIVETHA B', 'BCSCCS602R03', '6', 'A', 'CSE', 'C130', '2', '2', '1', '2', '2', '2', '2', '2', '1.5', '0', '5', '10', '2'
   )
;
INSERT INTO
   `cia1`(`Reg_no`, `student_name`, `coursecode`, `sem`, `section`, `dept`, `staffid`, `q1`, `q2`, `q3`, `q4`, `q5`, `q6`, `q7`, `q8`, `q9`, `q10`, `q11`, `q12`, `q13`) 
VALUES
   (
      '120003213', 'PADMAPRIYA R N', 'BCSCCS602R03', '6', 'A', 'CSE', 'C130', '0', '1', '0', '2', '2', '0', '1', '0', '0.5', '0', '4', '10', '3'
   )
;
INSERT INTO
   `cia1`(`Reg_no`, `student_name`, `coursecode`, `sem`, `section`, `dept`, `staffid`, `q1`, `q2`, `q3`, `q4`, `q5`, `q6`, `q7`, `q8`, `q9`, `q10`, `q11`, `q12`, `q13`) 
VALUES
   (
      '120003220', 'PERUR SAI CHARAN', 'BCSCCS602R03', '6', 'A', 'CSE', 'C130', '2', '2', '0', '2', '0', '0', '0.5', '2', '1.5', '0', '10', '8', '10'
   )
;
INSERT INTO
   `cia1`(`Reg_no`, `student_name`, `coursecode`, `sem`, `section`, `dept`, `staffid`, `q1`, `q2`, `q3`, `q4`, `q5`, `q6`, `q7`, `q8`, `q9`, `q10`, `q11`, `q12`, `q13`) 
VALUES
   (
      '120003227', 'POTTI SAI ANILA SREE', 'BCSCCS602R03', '6', 'A', 'CSE', 'C130', '2', '1', '1', '2', '1', '2', '2', '2', '1.5', '1.5', '10', '8', '3'
   )
;
INSERT INTO
   `cia1`(`Reg_no`, `student_name`, `coursecode`, `sem`, `section`, `dept`, `staffid`, `q1`, `q2`, `q3`, `q4`, `q5`, `q6`, `q7`, `q8`, `q9`, `q10`, `q11`, `q12`, `q13`) 
VALUES
   (
      '120003229', 'PRAVEENA RAMALINGAM', 'BCSCCS602R03', '6', 'A', 'CSE', 'C130', '2', '1', '0', '2', '0.5', '2', '2', '2', '1.5', '1', '4', '8', '3'
   )
;
INSERT INTO
   `cia1`(`Reg_no`, `student_name`, `coursecode`, `sem`, `section`, `dept`, `staffid`, `q1`, `q2`, `q3`, `q4`, `q5`, `q6`, `q7`, `q8`, `q9`, `q10`, `q11`, `q12`, `q13`) 
VALUES
   (
      '120003231', 'PULAKANTI SRI VARDHAN REDDY', 'BCSCCS602R03', '6', 'A', 'CSE', 'C130', '1', '0', '1', '2', '0', '0', '0', '0', '1.5', '1.5', '10', '8', '10'
   )
;
INSERT INTO
   `cia1`(`Reg_no`, `student_name`, `coursecode`, `sem`, `section`, `dept`, `staffid`, `q1`, `q2`, `q3`, `q4`, `q5`, `q6`, `q7`, `q8`, `q9`, `q10`, `q11`, `q12`, `q13`) 
VALUES
   (
      '120003259', 'RENUKA K', 'BCSCCS602R03', '6', 'A', 'CSE', 'C130', '2', '0.5', '2', '2', '1', '2', '0.5', '2', '1', '1', '10', '8', '0'
   )
;
INSERT INTO
   `cia1`(`Reg_no`, `student_name`, `coursecode`, `sem`, `section`, `dept`, `staffid`, `q1`, `q2`, `q3`, `q4`, `q5`, `q6`, `q7`, `q8`, `q9`, `q10`, `q11`, `q12`, `q13`) 
VALUES
   (
      '120003265', 'SALIMIDI KAMAL KISHORE REDDY', 'BCSCCS602R03', '6', 'A', 'CSE', 'C130', '0', '1', '1', '1', '0', '0', '0', '0', '1', '0.5', '8', '5', '0'
   )
;
INSERT INTO
   `cia1`(`Reg_no`, `student_name`, `coursecode`, `sem`, `section`, `dept`, `staffid`, `q1`, `q2`, `q3`, `q4`, `q5`, `q6`, `q7`, `q8`, `q9`, `q10`, `q11`, `q12`, `q13`) 
VALUES
   (
      '120003273', 'SARALA VASUDEVAN', 'BCSCCS602R03', '6', 'A', 'CSE', 'C130', '2', '2', '0', '2', '1', '2', '2', '0', '0', '0', '5', '8', '10'
   )
;
INSERT INTO
   `cia1`(`Reg_no`, `student_name`, `coursecode`, `sem`, `section`, `dept`, `staffid`, `q1`, `q2`, `q3`, `q4`, `q5`, `q6`, `q7`, `q8`, `q9`, `q10`, `q11`, `q12`, `q13`) 
VALUES
   (
      '120003276', 'SARIKA M', 'BCSCCS602R03', '6', 'A', 'CSE', 'C130', '1', '0', '0', '2', '1', '0', '1', '0', '1.5', '0', '10', '7', '0'
   )
;
INSERT INTO
   `cia1`(`Reg_no`, `student_name`, `coursecode`, `sem`, `section`, `dept`, `staffid`, `q1`, `q2`, `q3`, `q4`, `q5`, `q6`, `q7`, `q8`, `q9`, `q10`, `q11`, `q12`, `q13`) 
VALUES
   (
      '120003291', 'SHIYAM V', 'BCSCCS602R03', '6', 'A', 'CSE', 'C130', '0', '0', '2', '0', '1', '0', '0', '1', '1', '0.5', '4', '10', '3'
   )
;
INSERT INTO
   `cia1`(`Reg_no`, `student_name`, `coursecode`, `sem`, `section`, `dept`, `staffid`, `q1`, `q2`, `q3`, `q4`, `q5`, `q6`, `q7`, `q8`, `q9`, `q10`, `q11`, `q12`, `q13`) 
VALUES
   (
      '120003293', 'SHRI HARINA J', 'BCSCCS602R03', '6', 'A', 'CSE', 'C130', '2', '1', '2', '2', '2', '2', '1', '0', '0.5', '4', '9', '0', '0'
   )
;
INSERT INTO
   `cia1`(`Reg_no`, `student_name`, `coursecode`, `sem`, `section`, `dept`, `staffid`, `q1`, `q2`, `q3`, `q4`, `q5`, `q6`, `q7`, `q8`, `q9`, `q10`, `q11`, `q12`, `q13`) 
VALUES
   (
      '120003294', 'SINDUJA S', 'BCSCCS602R03', '6', 'A', 'CSE', 'C130', '2', '2', '1', '2', '0', '1', '1', '2', '1', '0', '10', '7', '0'
   )
;
INSERT INTO
   `cia1`(`Reg_no`, `student_name`, `coursecode`, `sem`, `section`, `dept`, `staffid`, `q1`, `q2`, `q3`, `q4`, `q5`, `q6`, `q7`, `q8`, `q9`, `q10`, `q11`, `q12`, `q13`) 
VALUES
   (
      '120003298', 'SONALI D', 'BCSCCS602R03', '6', 'A', 'CSE', 'C130', '0', '0', '0', '1', '1', '0', '0', '0', '1.5', '0', '10', '10', '2'
   )
;
INSERT INTO
   `cia1`(`Reg_no`, `student_name`, `coursecode`, `sem`, `section`, `dept`, `staffid`, `q1`, `q2`, `q3`, `q4`, `q5`, `q6`, `q7`, `q8`, `q9`, `q10`, `q11`, `q12`, `q13`) 
VALUES
   (
      '120003304', 'SRI HARI P', 'BCSCCS602R03', '6', 'A', 'CSE', 'C130', '2', '2', '2', '2', '1', '2', '0.5', '2', '0.5', '0', '9', '8', '10'
   )
;
INSERT INTO
   `cia1`(`Reg_no`, `student_name`, `coursecode`, `sem`, `section`, `dept`, `staffid`, `q1`, `q2`, `q3`, `q4`, `q5`, `q6`, `q7`, `q8`, `q9`, `q10`, `q11`, `q12`, `q13`) 
VALUES
   (
      '120003317', 'SUBISH R', 'BCSCCS602R03', '6', 'A', 'CSE', 'C130', '2', '0', '0', '2', '0.5', '2', '0', '2', '1', '0.5', '4', '8', '10'
   )
;
INSERT INTO
   `cia1`(`Reg_no`, `student_name`, `coursecode`, `sem`, `section`, `dept`, `staffid`, `q1`, `q2`, `q3`, `q4`, `q5`, `q6`, `q7`, `q8`, `q9`, `q10`, `q11`, `q12`, `q13`) 
VALUES
   (
      '120003323', 'SUSHMETHA S', 'BCSCCS602R03', '6', 'A', 'CSE', 'C130', '1', '0', '0.5', '2', '0', '2', '1', '2', '1', '0', '10', '8', '0'
   )
;
INSERT INTO
   `cia1`(`Reg_no`, `student_name`, `coursecode`, `sem`, `section`, `dept`, `staffid`, `q1`, `q2`, `q3`, `q4`, `q5`, `q6`, `q7`, `q8`, `q9`, `q10`, `q11`, `q12`, `q13`) 
VALUES
   (
      '120003324', 'SWAPNIL M KUMBHARE', 'BCSCCS602R03', '6', 'A', 'CSE', 'C130', '1', '1', '0', '2', '2', '0', '0', '0.5', '0', '0', '7', '7', '4'
   )
;
INSERT INTO
   `cia1`(`Reg_no`, `student_name`, `coursecode`, `sem`, `section`, `dept`, `staffid`, `q1`, `q2`, `q3`, `q4`, `q5`, `q6`, `q7`, `q8`, `q9`, `q10`, `q11`, `q12`, `q13`) 
VALUES
   (
      '120003328', 'TADIKONDA PARVATHI LAKSHMI MADHURI', 'BCSCCS602R03', '6', 'A', 'CSE', 'C130', '2', '1', '1', '2', '1', '0', '2', '2', '2', '1.5', '10', '8', '3'
   )
;
INSERT INTO
   `cia1`(`Reg_no`, `student_name`, `coursecode`, `sem`, `section`, `dept`, `staffid`, `q1`, `q2`, `q3`, `q4`, `q5`, `q6`, `q7`, `q8`, `q9`, `q10`, `q11`, `q12`, `q13`) 
VALUES
   (
      '120003329', 'TANAMALA PRASANNA SAIKUMAR REDDY', 'BCSCCS602R03', '6', 'A', 'CSE', 'C130', '2', '1', '2', '2', '1', '2', '1', '2', '1', '1', '5', '8', '0'
   )
;
INSERT INTO
   `cia1`(`Reg_no`, `student_name`, `coursecode`, `sem`, `section`, `dept`, `staffid`, `q1`, `q2`, `q3`, `q4`, `q5`, `q6`, `q7`, `q8`, `q9`, `q10`, `q11`, `q12`, `q13`) 
VALUES
   (
      '120003340', 'VAISHNAVI K', 'BCSCCS602R03', '6', 'A', 'CSE', 'C130', '1', '1', '1', '2', '1', '0', '1', '2', '1', '0', '10', '10', '3'
   )
;
INSERT INTO
   `cia1`(`Reg_no`, `student_name`, `coursecode`, `sem`, `section`, `dept`, `staffid`, `q1`, `q2`, `q3`, `q4`, `q5`, `q6`, `q7`, `q8`, `q9`, `q10`, `q11`, `q12`, `q13`) 
VALUES
   (
      '120003341', 'VAISHNAVI V', 'BCSCCS602R03', '6', 'A', 'CSE', 'C130', '2', '1', '1', '2', '1', '0', '0.5', '2', '1', '0', '4', '5', '0'
   )
;
INSERT INTO
   `cia1`(`Reg_no`, `student_name`, `coursecode`, `sem`, `section`, `dept`, `staffid`, `q1`, `q2`, `q3`, `q4`, `q5`, `q6`, `q7`, `q8`, `q9`, `q10`, `q11`, `q12`, `q13`) 
VALUES
   (
      '120003343', 'VARSHIGA ANANTH', 'BCSCCS602R03', '6', 'A', 'CSE', 'C130', '2', '1', '2', '2', '0.5', '2', '1', '2', '0.5', '0', '5', '7', '0'
   )
;
INSERT INTO
   `cia1`(`Reg_no`, `student_name`, `coursecode`, `sem`, `section`, `dept`, `staffid`, `q1`, `q2`, `q3`, `q4`, `q5`, `q6`, `q7`, `q8`, `q9`, `q10`, `q11`, `q12`, `q13`) 
VALUES
   (
      '120003361', 'VIGNESHWER N', 'BCSCCS602R03', '6', 'A', 'CSE', 'C130', '2', '1', '0', '2', '0', '0', '0', '2', '1.5', '0', '10', '8', '10'
   )
;
INSERT INTO
   `cia1`(`Reg_no`, `student_name`, `coursecode`, `sem`, `section`, `dept`, `staffid`, `q1`, `q2`, `q3`, `q4`, `q5`, `q6`, `q7`, `q8`, `q9`, `q10`, `q11`, `q12`, `q13`) 
VALUES
   (
      '120003363', 'VIJAYALAKSHMI P', 'BCSCCS602R03', '6', 'A', 'CSE', 'C130', '2', '1', '0', '2', '2', '2', '2', '2', '1', '0', '9', '8', '0'
   )
;
INSERT INTO
   `cia1`(`Reg_no`, `student_name`, `coursecode`, `sem`, `section`, `dept`, `staffid`, `q1`, `q2`, `q3`, `q4`, `q5`, `q6`, `q7`, `q8`, `q9`, `q10`, `q11`, `q12`, `q13`) 
VALUES
   (
      '120003364', 'VINOTH L', 'BCSCCS602R03', '6', 'A', 'CSE', 'C130', '2', '1', '2', '2', '2', '2', '0', '0', '1', '0', '4', '8', '3'
   )
;
INSERT INTO
   `cia1`(`Reg_no`, `student_name`, `coursecode`, `sem`, `section`, `dept`, `staffid`, `q1`, `q2`, `q3`, `q4`, `q5`, `q6`, `q7`, `q8`, `q9`, `q10`, `q11`, `q12`, `q13`) 
VALUES
   (
      '120003365', 'VINOTHANA K', 'BCSCCS602R03', '6', 'A', 'CSE', 'C130', '2', '0', '1', '2', '0', '2', '0', '2', '1.5', '0', '10', '8', '2'
   )
;
INSERT INTO
   `cia1`(`Reg_no`, `student_name`, `coursecode`, `sem`, `section`, `dept`, `staffid`, `q1`, `q2`, `q3`, `q4`, `q5`, `q6`, `q7`, `q8`, `q9`, `q10`, `q11`, `q12`, `q13`) 
VALUES
   (
      '120003376', 'YARASURI SRI SAI CHARAN', 'BCSCCS602R03', '6', 'A', 'CSE', 'C130', '2', '1', '1', '2', '0', '0', '0', '0', '1.5', '0', '10', '8', '2'
   )
;
UPDATE
   cia1 
set
   CO1 = q1 + q2 + q3 + q4 + q5 + q6 + q11 
where
   staffid = 'C130' 
   AND coursecode = 'BCSCCS602R03';
INSERT INTO
   `cia2`(`Reg_no`, `student_name`, `coursecode`, `sem`, `section`, `dept`, `staffid`, `q1`, `q2`, `q3`, `q4`, `q5`, `q6`, `q7`, `q8`, `q9`, `q10`, `q11`, `q12`, `q13a`, `q13b`, `q14a`, `q14b`) 
VALUES
   (
      '120003006', 'ABOORANI A', 'BCSCCS602R03', '6', 'A', 'CSE', 'C130', '1', '2', '2', '1.5', '1', '0', '2', '2', '1', '1', '9.5', '5', '0', '9', '', ''
   )
;
INSERT INTO
   `cia2`(`Reg_no`, `student_name`, `coursecode`, `sem`, `section`, `dept`, `staffid`, `q1`, `q2`, `q3`, `q4`, `q5`, `q6`, `q7`, `q8`, `q9`, `q10`, `q11`, `q12`, `q13a`, `q13b`, `q14a`, `q14b`) 
VALUES
   (
      '120003010', 'AJAY KARTHICK S', 'BCSCCS602R03', '6', 'A', 'CSE', 'C130', '1', '2', '2', '1', '1.5', '2', '1', '2', '1', '1.5', '8', '3', '0', '8', '', ''
   )
;
INSERT INTO
   `cia2`(`Reg_no`, `student_name`, `coursecode`, `sem`, `section`, `dept`, `staffid`, `q1`, `q2`, `q3`, `q4`, `q5`, `q6`, `q7`, `q8`, `q9`, `q10`, `q11`, `q12`, `q13a`, `q13b`, `q14a`, `q14b`) 
VALUES
   (
      '120003017', 'ALAMELUMEENAKSHI V', 'BCSCCS602R03', '6', 'A', 'CSE', 'C130', '1', '2', '0', '0', '2', '2', '2', '0', '1', '0', '4', '0', '0', '10', '', ''
   )
;
INSERT INTO
   `cia2`(`Reg_no`, `student_name`, `coursecode`, `sem`, `section`, `dept`, `staffid`, `q1`, `q2`, `q3`, `q4`, `q5`, `q6`, `q7`, `q8`, `q9`, `q10`, `q11`, `q12`, `q13a`, `q13b`, `q14a`, `q14b`) 
VALUES
   (
      '120003019', 'AMBATI BHARGAVI REDDY', 'BCSCCS602R03', '6', 'A', 'CSE', 'C130', '1', '2', '2', '1.5', '2', '1', '2', '2', '1', '1', '8.5', '0', '7', '10', '', ''
   )
;
INSERT INTO
   `cia2`(`Reg_no`, `student_name`, `coursecode`, `sem`, `section`, `dept`, `staffid`, `q1`, `q2`, `q3`, `q4`, `q5`, `q6`, `q7`, `q8`, `q9`, `q10`, `q11`, `q12`, `q13a`, `q13b`, `q14a`, `q14b`) 
VALUES
   (
      '120003032', 'ARTHIKA S', 'BCSCCS602R03', '6', 'A', 'CSE', 'C130', '2', '1.5', '1', '1', '2', '2', '1.5', '0', '1', '2', '9', '6', '0', '9', '', ''
   )
;
INSERT INTO
   `cia2`(`Reg_no`, `student_name`, `coursecode`, `sem`, `section`, `dept`, `staffid`, `q1`, `q2`, `q3`, `q4`, `q5`, `q6`, `q7`, `q8`, `q9`, `q10`, `q11`, `q12`, `q13a`, `q13b`, `q14a`, `q14b`) 
VALUES
   (
      '120003033', 'ARUNKUMAR K', 'BCSCCS602R03', '6', 'A', 'CSE', 'C130', '2', '0', '2', '1', '1', '1', '2', '0', '1', '1', '6', '0', '9', '8', '', ''
   )
;
INSERT INTO
   `cia2`(`Reg_no`, `student_name`, `coursecode`, `sem`, `section`, `dept`, `staffid`, `q1`, `q2`, `q3`, `q4`, `q5`, `q6`, `q7`, `q8`, `q9`, `q10`, `q11`, `q12`, `q13a`, `q13b`, `q14a`, `q14b`) 
VALUES
   (
      '120003037', 'ASHWINI SIVARANJANI R S', 'BCSCCS602R03', '6', 'A', 'CSE', 'C130', '1', '2', '2', '0', '1', '1', '2', '2', '1', '0', '6', '0', '8', '8', '', ''
   )
;
INSERT INTO
   `cia2`(`Reg_no`, `student_name`, `coursecode`, `sem`, `section`, `dept`, `staffid`, `q1`, `q2`, `q3`, `q4`, `q5`, `q6`, `q7`, `q8`, `q9`, `q10`, `q11`, `q12`, `q13a`, `q13b`, `q14a`, `q14b`) 
VALUES
   (
      '120003050', 'BHUVANESHWARI S', 'BCSCCS602R03', '6', 'A', 'CSE', 'C130', '1', '2', '2', '0', '1.5', '0', '0', '2', '0', '0', '8.5', '4', '5', '0', '', ''
   )
;
INSERT INTO
   `cia2`(`Reg_no`, `student_name`, `coursecode`, `sem`, `section`, `dept`, `staffid`, `q1`, `q2`, `q3`, `q4`, `q5`, `q6`, `q7`, `q8`, `q9`, `q10`, `q11`, `q12`, `q13a`, `q13b`, `q14a`, `q14b`) 
VALUES
   (
      '120003064', 'CHEJARLA VENKATA SURYA SAI VARSHINI', 'BCSCCS602R03', '6', 'A', 'CSE', 'C130', '2', '2', '2', '2', '2', '2', '2', '2', '2', '2', '9', '0', '7', '10', '', ''
   )
;
INSERT INTO
   `cia2`(`Reg_no`, `student_name`, `coursecode`, `sem`, `section`, `dept`, `staffid`, `q1`, `q2`, `q3`, `q4`, `q5`, `q6`, `q7`, `q8`, `q9`, `q10`, `q11`, `q12`, `q13a`, `q13b`, `q14a`, `q14b`) 
VALUES
   (
      '120003077', 'DEVIREDDY NAGALAKSHMI DURGA NIHARIKA', 'BCSCCS602R03', '6', 'A', 'CSE', 'C130', '1', '2', '0', '1', '2', '2', '2', '2', '1', '1', '8', '0', '6', '9', '', ''
   )
;
INSERT INTO
   `cia2`(`Reg_no`, `student_name`, `coursecode`, `sem`, `section`, `dept`, `staffid`, `q1`, `q2`, `q3`, `q4`, `q5`, `q6`, `q7`, `q8`, `q9`, `q10`, `q11`, `q12`, `q13a`, `q13b`, `q14a`, `q14b`) 
VALUES
   (
      '120003083', 'DIVYA V', 'BCSCCS602R03', '6', 'A', 'CSE', 'C130', '0', '2', '2', '2', '0', '0', '2', '2', '1', '1.5', '9', '0', '8.5', '8', '', ''
   )
;
INSERT INTO
   `cia2`(`Reg_no`, `student_name`, `coursecode`, `sem`, `section`, `dept`, `staffid`, `q1`, `q2`, `q3`, `q4`, `q5`, `q6`, `q7`, `q8`, `q9`, `q10`, `q11`, `q12`, `q13a`, `q13b`, `q14a`, `q14b`) 
VALUES
   (
      '120003084', 'DIVYASSHREE N', 'BCSCCS602R03', '6', 'A', 'CSE', 'C130', '1', '1.5', '2', '2', '1.5', '2', '1', '2', '1', '1', '9', '9', '0', '9', '', ''
   )
;
INSERT INTO
   `cia2`(`Reg_no`, `student_name`, `coursecode`, `sem`, `section`, `dept`, `staffid`, `q1`, `q2`, `q3`, `q4`, `q5`, `q6`, `q7`, `q8`, `q9`, `q10`, `q11`, `q12`, `q13a`, `q13b`, `q14a`, `q14b`) 
VALUES
   (
      '120003085', 'DUGGAMPUDI PHANINDRA REDDY', 'BCSCCS602R03', '6', 'A', 'CSE', 'C130', '0', '1', '2', '2', '2', '1', '0', '2', '0', '0', '5.5', '3', '3.5', '0', '', ''
   )
;
INSERT INTO
   `cia2`(`Reg_no`, `student_name`, `coursecode`, `sem`, `section`, `dept`, `staffid`, `q1`, `q2`, `q3`, `q4`, `q5`, `q6`, `q7`, `q8`, `q9`, `q10`, `q11`, `q12`, `q13a`, `q13b`, `q14a`, `q14b`) 
VALUES
   (
      '120003092', 'GANGANABOINA DIVYA', 'BCSCCS602R03', '6', 'A', 'CSE', 'C130', '1.5', '1', '2', '2', '1.5', '2', '2', '2', '0', '1.5', '8.5', '0', '7', '10', '', ''
   )
;
INSERT INTO
   `cia2`(`Reg_no`, `student_name`, `coursecode`, `sem`, `section`, `dept`, `staffid`, `q1`, `q2`, `q3`, `q4`, `q5`, `q6`, `q7`, `q8`, `q9`, `q10`, `q11`, `q12`, `q13a`, `q13b`, `q14a`, `q14b`) 
VALUES
   (
      '120003095', 'GAYATHRI T C', 'BCSCCS602R03', '6', 'A', 'CSE', 'C130', '1', '2', '2', '2', '2', '2', '1', '2', '1.5', '0', '9', '0', '6', '7.5', '', ''
   )
;
INSERT INTO
   `cia2`(`Reg_no`, `student_name`, `coursecode`, `sem`, `section`, `dept`, `staffid`, `q1`, `q2`, `q3`, `q4`, `q5`, `q6`, `q7`, `q8`, `q9`, `q10`, `q11`, `q12`, `q13a`, `q13b`, `q14a`, `q14b`) 
VALUES
   (
      '120003103', 'GUDDATI PRANAY DAYAL', 'BCSCCS602R03', '6', 'A', 'CSE', 'C130', '1.5', '1', '2', '0', '1.5', '1', '2', '2', '0', '0', '9', '0', '7', '6', '', ''
   )
;
INSERT INTO
   `cia2`(`Reg_no`, `student_name`, `coursecode`, `sem`, `section`, `dept`, `staffid`, `q1`, `q2`, `q3`, `q4`, `q5`, `q6`, `q7`, `q8`, `q9`, `q10`, `q11`, `q12`, `q13a`, `q13b`, `q14a`, `q14b`) 
VALUES
   (
      '120003108', 'HARI PRASATH M', 'BCSCCS602R03', '6', 'A', 'CSE', 'C130', '0', '1.5', '2', '1', '1', '1', '0', '2', '0', '1.5', '4.5', '0', '5.5', '8', '', ''
   )
;
INSERT INTO
   `cia2`(`Reg_no`, `student_name`, `coursecode`, `sem`, `section`, `dept`, `staffid`, `q1`, `q2`, `q3`, `q4`, `q5`, `q6`, `q7`, `q8`, `q9`, `q10`, `q11`, `q12`, `q13a`, `q13b`, `q14a`, `q14b`) 
VALUES
   (
      '120003112', 'HARISH KANNA R G', 'BCSCCS602R03', '6', 'A', 'CSE', 'C130', '1', '1', '2', '1', '0', '0', '1', '0', '1', '0', '6', '2.5', '1.5', '0', '', ''
   )
;
INSERT INTO
   `cia2`(`Reg_no`, `student_name`, `coursecode`, `sem`, `section`, `dept`, `staffid`, `q1`, `q2`, `q3`, `q4`, `q5`, `q6`, `q7`, `q8`, `q9`, `q10`, `q11`, `q12`, `q13a`, `q13b`, `q14a`, `q14b`) 
VALUES
   (
      '120003116', 'ILAKKIYAA N S', 'BCSCCS602R03', '6', 'A', 'CSE', 'C130', '1', '1', '2', '0', '1', '0', '1', '0', '1', '1', '9', '7', '0', '10', '', ''
   )
;
INSERT INTO
   `cia2`(`Reg_no`, `student_name`, `coursecode`, `sem`, `section`, `dept`, `staffid`, `q1`, `q2`, `q3`, `q4`, `q5`, `q6`, `q7`, `q8`, `q9`, `q10`, `q11`, `q12`, `q13a`, `q13b`, `q14a`, `q14b`) 
VALUES
   (
      '120003120', 'JANANE R L', 'BCSCCS602R03', '6', 'A', 'CSE', 'C130', '1', '2', '2', '1.5', '1', '0', '2', '2', '1', '1', '8.5', '0', '7', '10', '', ''
   )
;
INSERT INTO
   `cia2`(`Reg_no`, `student_name`, `coursecode`, `sem`, `section`, `dept`, `staffid`, `q1`, `q2`, `q3`, `q4`, `q5`, `q6`, `q7`, `q8`, `q9`, `q10`, `q11`, `q12`, `q13a`, `q13b`, `q14a`, `q14b`) 
VALUES
   (
      '120003130', 'KAMMANA GOWTHAM KUMAR', 'BCSCCS602R03', '6', 'A', 'CSE', 'C130', '1', '1', '2', '1', '1', '0', '0', '2', '1', '0', '8', '0', '5', '10', '', ''
   )
;
INSERT INTO
   `cia2`(`Reg_no`, `student_name`, `coursecode`, `sem`, `section`, `dept`, `staffid`, `q1`, `q2`, `q3`, `q4`, `q5`, `q6`, `q7`, `q8`, `q9`, `q10`, `q11`, `q12`, `q13a`, `q13b`, `q14a`, `q14b`) 
VALUES
   (
      '120003131', 'KANMANI R', 'BCSCCS602R03', '6', 'A', 'CSE', 'C130', '0', '0', '0', '0', '0', '0', '0', '0', '0', '0', '0', '0', '0', '0', '', ''
   )
;
INSERT INTO
   `cia2`(`Reg_no`, `student_name`, `coursecode`, `sem`, `section`, `dept`, `staffid`, `q1`, `q2`, `q3`, `q4`, `q5`, `q6`, `q7`, `q8`, `q9`, `q10`, `q11`, `q12`, `q13a`, `q13b`, `q14a`, `q14b`) 
VALUES
   (
      '120003135', 'KARANAM JYOTHISWAROOP', 'BCSCCS602R03', '6', 'A', 'CSE', 'C130', '0', '1.5', '2', '2', '2', '0', '1', '2', '0', '0', '9', '4', '6.5', '0', '', ''
   )
;
INSERT INTO
   `cia2`(`Reg_no`, `student_name`, `coursecode`, `sem`, `section`, `dept`, `staffid`, `q1`, `q2`, `q3`, `q4`, `q5`, `q6`, `q7`, `q8`, `q9`, `q10`, `q11`, `q12`, `q13a`, `q13b`, `q14a`, `q14b`) 
VALUES
   (
      '120003143', 'KEERTHI G', 'BCSCCS602R03', '6', 'A', 'CSE', 'C130', '0', '2', '2', '1', '2', '2', '2', '2', '1', '2', '8.5', '0', '3.5', '6', '', ''
   )
;
INSERT INTO
   `cia2`(`Reg_no`, `student_name`, `coursecode`, `sem`, `section`, `dept`, `staffid`, `q1`, `q2`, `q3`, `q4`, `q5`, `q6`, `q7`, `q8`, `q9`, `q10`, `q11`, `q12`, `q13a`, `q13b`, `q14a`, `q14b`) 
VALUES
   (
      '120003147', 'KETHAVARAPU TARUN KUMAR', 'BCSCCS602R03', '6', 'A', 'CSE', 'C130', '0', '0', '0', '0', '0', '0', '0', '0', '0', '0', '0', '0', '0', '0', '', ''
   )
;
INSERT INTO
   `cia2`(`Reg_no`, `student_name`, `coursecode`, `sem`, `section`, `dept`, `staffid`, `q1`, `q2`, `q3`, `q4`, `q5`, `q6`, `q7`, `q8`, `q9`, `q10`, `q11`, `q12`, `q13a`, `q13b`, `q14a`, `q14b`) 
VALUES
   (
      '120003150', 'KIRUBASRI S', 'BCSCCS602R03', '6', 'A', 'CSE', 'C130', '2', '1', '2', '0', '2', '2', '2', '0', '1', '1.5', '8', '0.5', '0', '10', '', ''
   )
;
INSERT INTO
   `cia2`(`Reg_no`, `student_name`, `coursecode`, `sem`, `section`, `dept`, `staffid`, `q1`, `q2`, `q3`, `q4`, `q5`, `q6`, `q7`, `q8`, `q9`, `q10`, `q11`, `q12`, `q13a`, `q13b`, `q14a`, `q14b`) 
VALUES
   (
      '120003164', 'LAKSHMANAN S', 'BCSCCS602R03', '6', 'A', 'CSE', 'C130', '1', '2', '2', '0', '1', '0', '2', '0', '1', '0', '8', '0', '3', '6', '', ''
   )
;
INSERT INTO
   `cia2`(`Reg_no`, `student_name`, `coursecode`, `sem`, `section`, `dept`, `staffid`, `q1`, `q2`, `q3`, `q4`, `q5`, `q6`, `q7`, `q8`, `q9`, `q10`, `q11`, `q12`, `q13a`, `q13b`, `q14a`, `q14b`) 
VALUES
   (
      '120003168', 'MADHUMITHA K', 'BCSCCS602R03', '6', 'A', 'CSE', 'C130', '2', '2', '2', '1', '2', '2', '2', '2', '0', '0', '7', '0', '6', '9', '', ''
   )
;
INSERT INTO
   `cia2`(`Reg_no`, `student_name`, `coursecode`, `sem`, `section`, `dept`, `staffid`, `q1`, `q2`, `q3`, `q4`, `q5`, `q6`, `q7`, `q8`, `q9`, `q10`, `q11`, `q12`, `q13a`, `q13b`, `q14a`, `q14b`) 
VALUES
   (
      '120003185', 'MITCHELLE FLAVIA JEROME M', 'BCSCCS602R03', '6', 'A', 'CSE', 'C130', '1', '2', '2', '2', '1', '0', '1.5', '0', '1', '2', '4.5', '0', '5', '10', '', ''
   )
;
INSERT INTO
   `cia2`(`Reg_no`, `student_name`, `coursecode`, `sem`, `section`, `dept`, `staffid`, `q1`, `q2`, `q3`, `q4`, `q5`, `q6`, `q7`, `q8`, `q9`, `q10`, `q11`, `q12`, `q13a`, `q13b`, `q14a`, `q14b`) 
VALUES
   (
      '120003186', 'MOGADAMPALLI JAYANTH', 'BCSCCS602R03', '6', 'A', 'CSE', 'C130', '1', '1', '2', '2', '1', '2', '2', '2', '0', '1', '8', '8', '5', '0', '', ''
   )
;
INSERT INTO
   `cia2`(`Reg_no`, `student_name`, `coursecode`, `sem`, `section`, `dept`, `staffid`, `q1`, `q2`, `q3`, `q4`, `q5`, `q6`, `q7`, `q8`, `q9`, `q10`, `q11`, `q12`, `q13a`, `q13b`, `q14a`, `q14b`) 
VALUES
   (
      '120003195', 'MUNJI AKASH', 'BCSCCS602R03', '6', 'A', 'CSE', 'C130', '1', '0', '2', '1', '1', '0', '2', '2', '1', '2', '7', '0', '4', '8', '', ''
   )
;
INSERT INTO
   `cia2`(`Reg_no`, `student_name`, `coursecode`, `sem`, `section`, `dept`, `staffid`, `q1`, `q2`, `q3`, `q4`, `q5`, `q6`, `q7`, `q8`, `q9`, `q10`, `q11`, `q12`, `q13a`, `q13b`, `q14a`, `q14b`) 
VALUES
   (
      '120003197', 'NAGUBANDI KRISHNA VAMSI', 'BCSCCS602R03', '6', 'A', 'CSE', 'C130', '0', '1', '2', '2', '1', '1', '0', '2', '0', '2', '7', '8', '0', '5', '', ''
   )
;
INSERT INTO
   `cia2`(`Reg_no`, `student_name`, `coursecode`, `sem`, `section`, `dept`, `staffid`, `q1`, `q2`, `q3`, `q4`, `q5`, `q6`, `q7`, `q8`, `q9`, `q10`, `q11`, `q12`, `q13a`, `q13b`, `q14a`, `q14b`) 
VALUES
   (
      '120003201', 'NALLURI SRI RAJA RAJESWARI DEVI', 'BCSCCS602R03', '6', 'A', 'CSE', 'C130', '0', '0', '0', '0', '0', '0', '0', '0', '0', '0', '0', '0', '0', '0', '', ''
   )
;
INSERT INTO
   `cia2`(`Reg_no`, `student_name`, `coursecode`, `sem`, `section`, `dept`, `staffid`, `q1`, `q2`, `q3`, `q4`, `q5`, `q6`, `q7`, `q8`, `q9`, `q10`, `q11`, `q12`, `q13a`, `q13b`, `q14a`, `q14b`) 
VALUES
   (
      '120003204', 'NARMADHA A', 'BCSCCS602R03', '6', 'A', 'CSE', 'C130', '2', '2', '2', '2', '2', '1', '1.5', '0', '1', '1.5', '8', '0', '6', '9', '', ''
   )
;
INSERT INTO
   `cia2`(`Reg_no`, `student_name`, `coursecode`, `sem`, `section`, `dept`, `staffid`, `q1`, `q2`, `q3`, `q4`, `q5`, `q6`, `q7`, `q8`, `q9`, `q10`, `q11`, `q12`, `q13a`, `q13b`, `q14a`, `q14b`) 
VALUES
   (
      '120003211', 'NIVEDITHA S K', 'BCSCCS602R03', '6', 'A', 'CSE', 'C130', '1', '1', '2', '2', '1', '0', '2', '2', '0', '1', '9', '4', '0', '10', '', ''
   )
;
INSERT INTO
   `cia2`(`Reg_no`, `student_name`, `coursecode`, `sem`, `section`, `dept`, `staffid`, `q1`, `q2`, `q3`, `q4`, `q5`, `q6`, `q7`, `q8`, `q9`, `q10`, `q11`, `q12`, `q13a`, `q13b`, `q14a`, `q14b`) 
VALUES
   (
      '120003212', 'NIVETHA B', 'BCSCCS602R03', '6', 'A', 'CSE', 'C130', '2', '1', '2', '2', '1.5', '2', '2', '2', '1', '0', '5.5', '6', '0', '10', '', ''
   )
;
INSERT INTO
   `cia2`(`Reg_no`, `student_name`, `coursecode`, `sem`, `section`, `dept`, `staffid`, `q1`, `q2`, `q3`, `q4`, `q5`, `q6`, `q7`, `q8`, `q9`, `q10`, `q11`, `q12`, `q13a`, `q13b`, `q14a`, `q14b`) 
VALUES
   (
      '120003213', 'PADMAPRIYA R N', 'BCSCCS602R03', '6', 'A', 'CSE', 'C130', '1.5', '1', '2', '2', '2', '2', '2', '2', '1', '1.5', '9', '0', '7', '10', '', ''
   )
;
INSERT INTO
   `cia2`(`Reg_no`, `student_name`, `coursecode`, `sem`, `section`, `dept`, `staffid`, `q1`, `q2`, `q3`, `q4`, `q5`, `q6`, `q7`, `q8`, `q9`, `q10`, `q11`, `q12`, `q13a`, `q13b`, `q14a`, `q14b`) 
VALUES
   (
      '120003220', 'PERUR SAI CHARAN', 'BCSCCS602R03', '6', 'A', 'CSE', 'C130', '1', '2', '0', '2', '0', '2', '2', '0', '2', '0', '8', '5', '0', '10', '', ''
   )
;
INSERT INTO
   `cia2`(`Reg_no`, `student_name`, `coursecode`, `sem`, `section`, `dept`, `staffid`, `q1`, `q2`, `q3`, `q4`, `q5`, `q6`, `q7`, `q8`, `q9`, `q10`, `q11`, `q12`, `q13a`, `q13b`, `q14a`, `q14b`) 
VALUES
   (
      '120003227', 'POTTI SAI ANILA SREE', 'BCSCCS602R03', '6', 'A', 'CSE', 'C130', '1', '2', '2', '2', '2', '2', '2', '2', '1', '2', '9', '0', '5', '10', '', ''
   )
;
INSERT INTO
   `cia2`(`Reg_no`, `student_name`, `coursecode`, `sem`, `section`, `dept`, `staffid`, `q1`, `q2`, `q3`, `q4`, `q5`, `q6`, `q7`, `q8`, `q9`, `q10`, `q11`, `q12`, `q13a`, `q13b`, `q14a`, `q14b`) 
VALUES
   (
      '120003229', 'PRAVEENA RAMALINGAM', 'BCSCCS602R03', '6', 'A', 'CSE', 'C130', '2', '2', '2', '1', '1', '2', '2', '0', '1', '1', '9', '0', '5', '9', '', ''
   )
;
INSERT INTO
   `cia2`(`Reg_no`, `student_name`, `coursecode`, `sem`, `section`, `dept`, `staffid`, `q1`, `q2`, `q3`, `q4`, `q5`, `q6`, `q7`, `q8`, `q9`, `q10`, `q11`, `q12`, `q13a`, `q13b`, `q14a`, `q14b`) 
VALUES
   (
      '120003231', 'PULAKANTI SRI VARDHAN REDDY', 'BCSCCS602R03', '6', 'A', 'CSE', 'C130', '1', '1', '0', '0', '1', '0', '0', '0', '0', '0', '8', '0', '6', '10', '', ''
   )
;
INSERT INTO
   `cia2`(`Reg_no`, `student_name`, `coursecode`, `sem`, `section`, `dept`, `staffid`, `q1`, `q2`, `q3`, `q4`, `q5`, `q6`, `q7`, `q8`, `q9`, `q10`, `q11`, `q12`, `q13a`, `q13b`, `q14a`, `q14b`) 
VALUES
   (
      '120003259', 'RENUKA K', 'BCSCCS602R03', '6', 'A', 'CSE', 'C130', '1', '2', '2', '2', '1.5', '2', '2', '2', '1', '2', '7.5', '0', '7', '8', '', ''
   )
;
INSERT INTO
   `cia2`(`Reg_no`, `student_name`, `coursecode`, `sem`, `section`, `dept`, `staffid`, `q1`, `q2`, `q3`, `q4`, `q5`, `q6`, `q7`, `q8`, `q9`, `q10`, `q11`, `q12`, `q13a`, `q13b`, `q14a`, `q14b`) 
VALUES
   (
      '120003265', 'SALIMIDI KAMAL KISHORE REDDY', 'BCSCCS602R03', '6', 'A', 'CSE', 'C130', '1', '0', '2', '1.5', '1.5', '0', '0', '0', '1', '0', '8', '3', '0', '10', '', ''
   )
;
INSERT INTO
   `cia2`(`Reg_no`, `student_name`, `coursecode`, `sem`, `section`, `dept`, `staffid`, `q1`, `q2`, `q3`, `q4`, `q5`, `q6`, `q7`, `q8`, `q9`, `q10`, `q11`, `q12`, `q13a`, `q13b`, `q14a`, `q14b`) 
VALUES
   (
      '120003273', 'SARALA VASUDEVAN', 'BCSCCS602R03', '6', 'A', 'CSE', 'C130', '1', '1.5', '0', '2', '1', '1.5', '0', '0', '1', '0', '10', '0', '4', '7', '', ''
   )
;
INSERT INTO
   `cia2`(`Reg_no`, `student_name`, `coursecode`, `sem`, `section`, `dept`, `staffid`, `q1`, `q2`, `q3`, `q4`, `q5`, `q6`, `q7`, `q8`, `q9`, `q10`, `q11`, `q12`, `q13a`, `q13b`, `q14a`, `q14b`) 
VALUES
   (
      '120003276', 'SARIKA M', 'BCSCCS602R03', '6', 'A', 'CSE', 'C130', '0', '2', '2', '2', '1', '0', '1', '2', '0', '2', '8', '0', '4', '8', '', ''
   )
;
INSERT INTO
   `cia2`(`Reg_no`, `student_name`, `coursecode`, `sem`, `section`, `dept`, `staffid`, `q1`, `q2`, `q3`, `q4`, `q5`, `q6`, `q7`, `q8`, `q9`, `q10`, `q11`, `q12`, `q13a`, `q13b`, `q14a`, `q14b`) 
VALUES
   (
      '120003291', 'SHIYAM V', 'BCSCCS602R03', '6', 'A', 'CSE', 'C130', '0', '2', '0', '0', '0', '0', '2', '2', '0', '0', '6', '0', '4', '7', '', ''
   )
;
INSERT INTO
   `cia2`(`Reg_no`, `student_name`, `coursecode`, `sem`, `section`, `dept`, `staffid`, `q1`, `q2`, `q3`, `q4`, `q5`, `q6`, `q7`, `q8`, `q9`, `q10`, `q11`, `q12`, `q13a`, `q13b`, `q14a`, `q14b`) 
VALUES
   (
      '120003293', 'SHRI HARINA J', 'BCSCCS602R03', '6', 'A', 'CSE', 'C130', '1', '1.5', '2', '2', '0', '2', '2', '2', '1', '2', '7', '0', '8', '3.5', '', ''
   )
;
INSERT INTO
   `cia2`(`Reg_no`, `student_name`, `coursecode`, `sem`, `section`, `dept`, `staffid`, `q1`, `q2`, `q3`, `q4`, `q5`, `q6`, `q7`, `q8`, `q9`, `q10`, `q11`, `q12`, `q13a`, `q13b`, `q14a`, `q14b`) 
VALUES
   (
      '120003294', 'SINDUJA S', 'BCSCCS602R03', '6', 'A', 'CSE', 'C130', '1.5', '1', '2', '0', '2', '2', '1', '0', '0', '0', '8', '10', '4.5', '0', '', ''
   )
;
INSERT INTO
   `cia2`(`Reg_no`, `student_name`, `coursecode`, `sem`, `section`, `dept`, `staffid`, `q1`, `q2`, `q3`, `q4`, `q5`, `q6`, `q7`, `q8`, `q9`, `q10`, `q11`, `q12`, `q13a`, `q13b`, `q14a`, `q14b`) 
VALUES
   (
      '120003298', 'SONALI D', 'BCSCCS602R03', '6', 'A', 'CSE', 'C130', '1', '1.5', '2', '2', '1.5', '1', '1.5', '2', '1.5', '0', '8', '0', '8', '10', '', ''
   )
;
INSERT INTO
   `cia2`(`Reg_no`, `student_name`, `coursecode`, `sem`, `section`, `dept`, `staffid`, `q1`, `q2`, `q3`, `q4`, `q5`, `q6`, `q7`, `q8`, `q9`, `q10`, `q11`, `q12`, `q13a`, `q13b`, `q14a`, `q14b`) 
VALUES
   (
      '120003304', 'SRI HARI P', 'BCSCCS602R03', '6', 'A', 'CSE', 'C130', '1', '1', '2', '1', '0', '1', '2', '2', '1', '2', '8', '3', '0', '7', '', ''
   )
;
INSERT INTO
   `cia2`(`Reg_no`, `student_name`, `coursecode`, `sem`, `section`, `dept`, `staffid`, `q1`, `q2`, `q3`, `q4`, `q5`, `q6`, `q7`, `q8`, `q9`, `q10`, `q11`, `q12`, `q13a`, `q13b`, `q14a`, `q14b`) 
VALUES
   (
      '120003317', 'SUBISH R', 'BCSCCS602R03', '6', 'A', 'CSE', 'C130', '2', '1', '0', '1.5', '0', '0', '0', '2', '1', '1.5', '8', '0', '8', '10', '', ''
   )
;
INSERT INTO
   `cia2`(`Reg_no`, `student_name`, `coursecode`, `sem`, `section`, `dept`, `staffid`, `q1`, `q2`, `q3`, `q4`, `q5`, `q6`, `q7`, `q8`, `q9`, `q10`, `q11`, `q12`, `q13a`, `q13b`, `q14a`, `q14b`) 
VALUES
   (
      '120003323', 'SUSHMETHA S', 'BCSCCS602R03', '6', 'A', 'CSE', 'C130', '1', '1.5', '2', '2', '1.5', '2', '2', '2', '0', '1.5', '8', '0', '2.5', '10', '', ''
   )
;
INSERT INTO
   `cia2`(`Reg_no`, `student_name`, `coursecode`, `sem`, `section`, `dept`, `staffid`, `q1`, `q2`, `q3`, `q4`, `q5`, `q6`, `q7`, `q8`, `q9`, `q10`, `q11`, `q12`, `q13a`, `q13b`, `q14a`, `q14b`) 
VALUES
   (
      '120003324', 'SWAPNIL M KUMBHARE', 'BCSCCS602R03', '6', 'A', 'CSE', 'C130', '1', '2', '0', '0', '1', '0', '0', '2', '0', '2', '10', '0', '4', '6', '', ''
   )
;
INSERT INTO
   `cia2`(`Reg_no`, `student_name`, `coursecode`, `sem`, `section`, `dept`, `staffid`, `q1`, `q2`, `q3`, `q4`, `q5`, `q6`, `q7`, `q8`, `q9`, `q10`, `q11`, `q12`, `q13a`, `q13b`, `q14a`, `q14b`) 
VALUES
   (
      '120003328', 'TADIKONDA PARVATHI LAKSHMI MADHURI', 'BCSCCS602R03', '6', 'A', 'CSE', 'C130', '1', '2', '2', '2', '2', '2', '2', '2', '1', '2', '8', '8', '0', '8', '', ''
   )
;
INSERT INTO
   `cia2`(`Reg_no`, `student_name`, `coursecode`, `sem`, `section`, `dept`, `staffid`, `q1`, `q2`, `q3`, `q4`, `q5`, `q6`, `q7`, `q8`, `q9`, `q10`, `q11`, `q12`, `q13a`, `q13b`, `q14a`, `q14b`) 
VALUES
   (
      '120003329', 'TANAMALA PRASANNA SAIKUMAR REDDY', 'BCSCCS602R03', '6', 'A', 'CSE', 'C130', '1', '2', '2', '2', '2', '2', '2', '2', '1', '1', '6', '0', '7', '10', '', ''
   )
;
INSERT INTO
   `cia2`(`Reg_no`, `student_name`, `coursecode`, `sem`, `section`, `dept`, `staffid`, `q1`, `q2`, `q3`, `q4`, `q5`, `q6`, `q7`, `q8`, `q9`, `q10`, `q11`, `q12`, `q13a`, `q13b`, `q14a`, `q14b`) 
VALUES
   (
      '120003340', 'VAISHNAVI K', 'BCSCCS602R03', '6', 'A', 'CSE', 'C130', '1', '1.5', '2', '1.5', '1', '1', '1', '2', '0', '1', '9', '0', '7', '3', '', ''
   )
;
INSERT INTO
   `cia2`(`Reg_no`, `student_name`, `coursecode`, `sem`, `section`, `dept`, `staffid`, `q1`, `q2`, `q3`, `q4`, `q5`, `q6`, `q7`, `q8`, `q9`, `q10`, `q11`, `q12`, `q13a`, `q13b`, `q14a`, `q14b`) 
VALUES
   (
      '120003341', 'VAISHNAVI V', 'BCSCCS602R03', '6', 'A', 'CSE', 'C130', '1.5', '1.5', '2', '1.5', '0', '1.5', '1', '2', '0', '2', '7', '0', '8', '10', '', ''
   )
;
INSERT INTO
   `cia2`(`Reg_no`, `student_name`, `coursecode`, `sem`, `section`, `dept`, `staffid`, `q1`, `q2`, `q3`, `q4`, `q5`, `q6`, `q7`, `q8`, `q9`, `q10`, `q11`, `q12`, `q13a`, `q13b`, `q14a`, `q14b`) 
VALUES
   (
      '120003343', 'VARSHIGA ANANTH', 'BCSCCS602R03', '6', 'A', 'CSE', 'C130', '1', '2', '2', '0', '1', '2', '2', '2', '1', '1', '5', '0', '3', '10', '', ''
   )
;
INSERT INTO
   `cia2`(`Reg_no`, `student_name`, `coursecode`, `sem`, `section`, `dept`, `staffid`, `q1`, `q2`, `q3`, `q4`, `q5`, `q6`, `q7`, `q8`, `q9`, `q10`, `q11`, `q12`, `q13a`, `q13b`, `q14a`, `q14b`) 
VALUES
   (
      '120003361', 'VIGNESHWER N', 'BCSCCS602R03', '6', 'A', 'CSE', 'C130', '0', '1', '0', '2', '1', '0', '1', '0', '1', '0', '9', '2', '0', '4', '', ''
   )
;
INSERT INTO
   `cia2`(`Reg_no`, `student_name`, `coursecode`, `sem`, `section`, `dept`, `staffid`, `q1`, `q2`, `q3`, `q4`, `q5`, `q6`, `q7`, `q8`, `q9`, `q10`, `q11`, `q12`, `q13a`, `q13b`, `q14a`, `q14b`) 
VALUES
   (
      '120003363', 'VIJAYALAKSHMI P', 'BCSCCS602R03', '6', 'A', 'CSE', 'C130', '2', '2', '2', '2', '2', '1', '1', '2', '1', '2', '8', '0', '4', '10', '', ''
   )
;
INSERT INTO
   `cia2`(`Reg_no`, `student_name`, `coursecode`, `sem`, `section`, `dept`, `staffid`, `q1`, `q2`, `q3`, `q4`, `q5`, `q6`, `q7`, `q8`, `q9`, `q10`, `q11`, `q12`, `q13a`, `q13b`, `q14a`, `q14b`) 
VALUES
   (
      '120003364', 'VINOTH L', 'BCSCCS602R03', '6', 'A', 'CSE', 'C130', '1', '1', '0', '0', '1', '0', '0', '0', '1', '2', '7.5', '0', '4', '4', '', ''
   )
;
INSERT INTO
   `cia2`(`Reg_no`, `student_name`, `coursecode`, `sem`, `section`, `dept`, `staffid`, `q1`, `q2`, `q3`, `q4`, `q5`, `q6`, `q7`, `q8`, `q9`, `q10`, `q11`, `q12`, `q13a`, `q13b`, `q14a`, `q14b`) 
VALUES
   (
      '120003365', 'VINOTHANA K', 'BCSCCS602R03', '6', 'A', 'CSE', 'C130', '1', '2', '0', '2', '2', '2', '2', '2', '1', '0', '4.5', '0', '7.5', '10', '', ''
   )
;
INSERT INTO
   `cia2`(`Reg_no`, `student_name`, `coursecode`, `sem`, `section`, `dept`, `staffid`, `q1`, `q2`, `q3`, `q4`, `q5`, `q6`, `q7`, `q8`, `q9`, `q10`, `q11`, `q12`, `q13a`, `q13b`, `q14a`, `q14b`) 
VALUES
   (
      '120003376', 'YARASURI SRI SAI CHARAN', 'BCSCCS602R03', '6', 'A', 'CSE', 'C130', '0', '0', '2', '0', '0', '0', '0', '0', '0', '0', '4', '0', '0', '5', '', ''
   )
;
UPDATE
   cia2 
set
   CO1 = q3 
where
   staffid = 'C130' 
   AND coursecode = 'BCSCCS602R03';
INSERT INTO
   `cia2`(`Reg_no`, `student_name`, `coursecode`, `sem`, `section`, `dept`, `staffid`, `q1`, `q2`, `q3`, `q4`, `q5`, `q6`, `q7`, `q8`, `q9`, `q10`, `q11`, `q12`, `q13a`, `q13b`, `q14a`, `q14b`) 
VALUES
   (
      '120003006', 'ABOORANI A', 'BCSCCS602R03', '6', 'A', 'CSE', 'C130', '1', '2', '2', '1.5', '1', '0', '2', '2', '1', '1', '9.5', '5', '0', '9', '', ''
   )
;
INSERT INTO
   `cia2`(`Reg_no`, `student_name`, `coursecode`, `sem`, `section`, `dept`, `staffid`, `q1`, `q2`, `q3`, `q4`, `q5`, `q6`, `q7`, `q8`, `q9`, `q10`, `q11`, `q12`, `q13a`, `q13b`, `q14a`, `q14b`) 
VALUES
   (
      '120003010', 'AJAY KARTHICK S', 'BCSCCS602R03', '6', 'A', 'CSE', 'C130', '1', '2', '2', '1', '1.5', '2', '1', '2', '1', '1.5', '8', '3', '0', '8', '', ''
   )
;
INSERT INTO
   `cia2`(`Reg_no`, `student_name`, `coursecode`, `sem`, `section`, `dept`, `staffid`, `q1`, `q2`, `q3`, `q4`, `q5`, `q6`, `q7`, `q8`, `q9`, `q10`, `q11`, `q12`, `q13a`, `q13b`, `q14a`, `q14b`) 
VALUES
   (
      '120003017', 'ALAMELUMEENAKSHI V', 'BCSCCS602R03', '6', 'A', 'CSE', 'C130', '1', '2', '0', '0', '2', '2', '2', '0', '1', '0', '4', '0', '0', '10', '', ''
   )
;
INSERT INTO
   `cia2`(`Reg_no`, `student_name`, `coursecode`, `sem`, `section`, `dept`, `staffid`, `q1`, `q2`, `q3`, `q4`, `q5`, `q6`, `q7`, `q8`, `q9`, `q10`, `q11`, `q12`, `q13a`, `q13b`, `q14a`, `q14b`) 
VALUES
   (
      '120003019', 'AMBATI BHARGAVI REDDY', 'BCSCCS602R03', '6', 'A', 'CSE', 'C130', '1', '2', '2', '1.5', '2', '1', '2', '2', '1', '1', '8.5', '0', '7', '10', '', ''
   )
;
INSERT INTO
   `cia2`(`Reg_no`, `student_name`, `coursecode`, `sem`, `section`, `dept`, `staffid`, `q1`, `q2`, `q3`, `q4`, `q5`, `q6`, `q7`, `q8`, `q9`, `q10`, `q11`, `q12`, `q13a`, `q13b`, `q14a`, `q14b`) 
VALUES
   (
      '120003032', 'ARTHIKA S', 'BCSCCS602R03', '6', 'A', 'CSE', 'C130', '2', '1.5', '1', '1', '2', '2', '1.5', '0', '1', '2', '9', '6', '0', '9', '', ''
   )
;
INSERT INTO
   `cia2`(`Reg_no`, `student_name`, `coursecode`, `sem`, `section`, `dept`, `staffid`, `q1`, `q2`, `q3`, `q4`, `q5`, `q6`, `q7`, `q8`, `q9`, `q10`, `q11`, `q12`, `q13a`, `q13b`, `q14a`, `q14b`) 
VALUES
   (
      '120003033', 'ARUNKUMAR K', 'BCSCCS602R03', '6', 'A', 'CSE', 'C130', '2', '0', '2', '1', '1', '1', '2', '0', '1', '1', '6', '0', '9', '8', '', ''
   )
;
INSERT INTO
   `cia2`(`Reg_no`, `student_name`, `coursecode`, `sem`, `section`, `dept`, `staffid`, `q1`, `q2`, `q3`, `q4`, `q5`, `q6`, `q7`, `q8`, `q9`, `q10`, `q11`, `q12`, `q13a`, `q13b`, `q14a`, `q14b`) 
VALUES
   (
      '120003037', 'ASHWINI SIVARANJANI R S', 'BCSCCS602R03', '6', 'A', 'CSE', 'C130', '1', '2', '2', '0', '1', '1', '2', '2', '1', '0', '6', '0', '8', '8', '', ''
   )
;
INSERT INTO
   `cia2`(`Reg_no`, `student_name`, `coursecode`, `sem`, `section`, `dept`, `staffid`, `q1`, `q2`, `q3`, `q4`, `q5`, `q6`, `q7`, `q8`, `q9`, `q10`, `q11`, `q12`, `q13a`, `q13b`, `q14a`, `q14b`) 
VALUES
   (
      '120003050', 'BHUVANESHWARI S', 'BCSCCS602R03', '6', 'A', 'CSE', 'C130', '1', '2', '2', '0', '1.5', '0', '0', '2', '0', '0', '8.5', '4', '5', '0', '', ''
   )
;
INSERT INTO
   `cia2`(`Reg_no`, `student_name`, `coursecode`, `sem`, `section`, `dept`, `staffid`, `q1`, `q2`, `q3`, `q4`, `q5`, `q6`, `q7`, `q8`, `q9`, `q10`, `q11`, `q12`, `q13a`, `q13b`, `q14a`, `q14b`) 
VALUES
   (
      '120003064', 'CHEJARLA VENKATA SURYA SAI VARSHINI', 'BCSCCS602R03', '6', 'A', 'CSE', 'C130', '2', '2', '2', '2', '2', '2', '2', '2', '2', '2', '9', '0', '7', '10', '', ''
   )
;
INSERT INTO
   `cia2`(`Reg_no`, `student_name`, `coursecode`, `sem`, `section`, `dept`, `staffid`, `q1`, `q2`, `q3`, `q4`, `q5`, `q6`, `q7`, `q8`, `q9`, `q10`, `q11`, `q12`, `q13a`, `q13b`, `q14a`, `q14b`) 
VALUES
   (
      '120003077', 'DEVIREDDY NAGALAKSHMI DURGA NIHARIKA', 'BCSCCS602R03', '6', 'A', 'CSE', 'C130', '1', '2', '0', '1', '2', '2', '2', '2', '1', '1', '8', '0', '6', '9', '', ''
   )
;
INSERT INTO
   `cia2`(`Reg_no`, `student_name`, `coursecode`, `sem`, `section`, `dept`, `staffid`, `q1`, `q2`, `q3`, `q4`, `q5`, `q6`, `q7`, `q8`, `q9`, `q10`, `q11`, `q12`, `q13a`, `q13b`, `q14a`, `q14b`) 
VALUES
   (
      '120003083', 'DIVYA V', 'BCSCCS602R03', '6', 'A', 'CSE', 'C130', '0', '2', '2', '2', '0', '0', '2', '2', '1', '1.5', '9', '0', '8.5', '8', '', ''
   )
;
INSERT INTO
   `cia2`(`Reg_no`, `student_name`, `coursecode`, `sem`, `section`, `dept`, `staffid`, `q1`, `q2`, `q3`, `q4`, `q5`, `q6`, `q7`, `q8`, `q9`, `q10`, `q11`, `q12`, `q13a`, `q13b`, `q14a`, `q14b`) 
VALUES
   (
      '120003084', 'DIVYASSHREE N', 'BCSCCS602R03', '6', 'A', 'CSE', 'C130', '1', '1.5', '2', '2', '1.5', '2', '1', '2', '1', '1', '9', '9', '0', '9', '', ''
   )
;
INSERT INTO
   `cia2`(`Reg_no`, `student_name`, `coursecode`, `sem`, `section`, `dept`, `staffid`, `q1`, `q2`, `q3`, `q4`, `q5`, `q6`, `q7`, `q8`, `q9`, `q10`, `q11`, `q12`, `q13a`, `q13b`, `q14a`, `q14b`) 
VALUES
   (
      '120003085', 'DUGGAMPUDI PHANINDRA REDDY', 'BCSCCS602R03', '6', 'A', 'CSE', 'C130', '0', '1', '2', '2', '2', '1', '0', '2', '0', '0', '5.5', '3', '3.5', '0', '', ''
   )
;
INSERT INTO
   `cia2`(`Reg_no`, `student_name`, `coursecode`, `sem`, `section`, `dept`, `staffid`, `q1`, `q2`, `q3`, `q4`, `q5`, `q6`, `q7`, `q8`, `q9`, `q10`, `q11`, `q12`, `q13a`, `q13b`, `q14a`, `q14b`) 
VALUES
   (
      '120003092', 'GANGANABOINA DIVYA', 'BCSCCS602R03', '6', 'A', 'CSE', 'C130', '1.5', '1', '2', '2', '1.5', '2', '2', '2', '0', '1.5', '8.5', '0', '7', '10', '', ''
   )
;
INSERT INTO
   `cia2`(`Reg_no`, `student_name`, `coursecode`, `sem`, `section`, `dept`, `staffid`, `q1`, `q2`, `q3`, `q4`, `q5`, `q6`, `q7`, `q8`, `q9`, `q10`, `q11`, `q12`, `q13a`, `q13b`, `q14a`, `q14b`) 
VALUES
   (
      '120003095', 'GAYATHRI T C', 'BCSCCS602R03', '6', 'A', 'CSE', 'C130', '1', '2', '2', '2', '2', '2', '1', '2', '1.5', '0', '9', '0', '6', '7.5', '', ''
   )
;
INSERT INTO
   `cia2`(`Reg_no`, `student_name`, `coursecode`, `sem`, `section`, `dept`, `staffid`, `q1`, `q2`, `q3`, `q4`, `q5`, `q6`, `q7`, `q8`, `q9`, `q10`, `q11`, `q12`, `q13a`, `q13b`, `q14a`, `q14b`) 
VALUES
   (
      '120003103', 'GUDDATI PRANAY DAYAL', 'BCSCCS602R03', '6', 'A', 'CSE', 'C130', '1.5', '1', '2', '0', '1.5', '1', '2', '2', '0', '0', '9', '0', '7', '6', '', ''
   )
;
INSERT INTO
   `cia2`(`Reg_no`, `student_name`, `coursecode`, `sem`, `section`, `dept`, `staffid`, `q1`, `q2`, `q3`, `q4`, `q5`, `q6`, `q7`, `q8`, `q9`, `q10`, `q11`, `q12`, `q13a`, `q13b`, `q14a`, `q14b`) 
VALUES
   (
      '120003108', 'HARI PRASATH M', 'BCSCCS602R03', '6', 'A', 'CSE', 'C130', '0', '1.5', '2', '1', '1', '1', '0', '2', '0', '1.5', '4.5', '0', '5.5', '8', '', ''
   )
;
INSERT INTO
   `cia2`(`Reg_no`, `student_name`, `coursecode`, `sem`, `section`, `dept`, `staffid`, `q1`, `q2`, `q3`, `q4`, `q5`, `q6`, `q7`, `q8`, `q9`, `q10`, `q11`, `q12`, `q13a`, `q13b`, `q14a`, `q14b`) 
VALUES
   (
      '120003112', 'HARISH KANNA R G', 'BCSCCS602R03', '6', 'A', 'CSE', 'C130', '1', '1', '2', '1', '0', '0', '1', '0', '1', '0', '6', '2.5', '1.5', '0', '', ''
   )
;
INSERT INTO
   `cia2`(`Reg_no`, `student_name`, `coursecode`, `sem`, `section`, `dept`, `staffid`, `q1`, `q2`, `q3`, `q4`, `q5`, `q6`, `q7`, `q8`, `q9`, `q10`, `q11`, `q12`, `q13a`, `q13b`, `q14a`, `q14b`) 
VALUES
   (
      '120003116', 'ILAKKIYAA N S', 'BCSCCS602R03', '6', 'A', 'CSE', 'C130', '1', '1', '2', '0', '1', '0', '1', '0', '1', '1', '9', '7', '0', '10', '', ''
   )
;
INSERT INTO
   `cia2`(`Reg_no`, `student_name`, `coursecode`, `sem`, `section`, `dept`, `staffid`, `q1`, `q2`, `q3`, `q4`, `q5`, `q6`, `q7`, `q8`, `q9`, `q10`, `q11`, `q12`, `q13a`, `q13b`, `q14a`, `q14b`) 
VALUES
   (
      '120003120', 'JANANE R L', 'BCSCCS602R03', '6', 'A', 'CSE', 'C130', '1', '2', '2', '1.5', '1', '0', '2', '2', '1', '1', '8.5', '0', '7', '10', '', ''
   )
;
INSERT INTO
   `cia2`(`Reg_no`, `student_name`, `coursecode`, `sem`, `section`, `dept`, `staffid`, `q1`, `q2`, `q3`, `q4`, `q5`, `q6`, `q7`, `q8`, `q9`, `q10`, `q11`, `q12`, `q13a`, `q13b`, `q14a`, `q14b`) 
VALUES
   (
      '120003130', 'KAMMANA GOWTHAM KUMAR', 'BCSCCS602R03', '6', 'A', 'CSE', 'C130', '1', '1', '2', '1', '1', '0', '0', '2', '1', '0', '8', '0', '5', '10', '', ''
   )
;
INSERT INTO
   `cia2`(`Reg_no`, `student_name`, `coursecode`, `sem`, `section`, `dept`, `staffid`, `q1`, `q2`, `q3`, `q4`, `q5`, `q6`, `q7`, `q8`, `q9`, `q10`, `q11`, `q12`, `q13a`, `q13b`, `q14a`, `q14b`) 
VALUES
   (
      '120003131', 'KANMANI R', 'BCSCCS602R03', '6', 'A', 'CSE', 'C130', '0', '0', '0', '0', '0', '0', '0', '0', '0', '0', '0', '0', '0', '0', '', ''
   )
;
INSERT INTO
   `cia2`(`Reg_no`, `student_name`, `coursecode`, `sem`, `section`, `dept`, `staffid`, `q1`, `q2`, `q3`, `q4`, `q5`, `q6`, `q7`, `q8`, `q9`, `q10`, `q11`, `q12`, `q13a`, `q13b`, `q14a`, `q14b`) 
VALUES
   (
      '120003135', 'KARANAM JYOTHISWAROOP', 'BCSCCS602R03', '6', 'A', 'CSE', 'C130', '0', '1.5', '2', '2', '2', '0', '1', '2', '0', '0', '9', '4', '6.5', '0', '', ''
   )
;
INSERT INTO
   `cia2`(`Reg_no`, `student_name`, `coursecode`, `sem`, `section`, `dept`, `staffid`, `q1`, `q2`, `q3`, `q4`, `q5`, `q6`, `q7`, `q8`, `q9`, `q10`, `q11`, `q12`, `q13a`, `q13b`, `q14a`, `q14b`) 
VALUES
   (
      '120003143', 'KEERTHI G', 'BCSCCS602R03', '6', 'A', 'CSE', 'C130', '0', '2', '2', '1', '2', '2', '2', '2', '1', '2', '8.5', '0', '3.5', '6', '', ''
   )
;
INSERT INTO
   `cia2`(`Reg_no`, `student_name`, `coursecode`, `sem`, `section`, `dept`, `staffid`, `q1`, `q2`, `q3`, `q4`, `q5`, `q6`, `q7`, `q8`, `q9`, `q10`, `q11`, `q12`, `q13a`, `q13b`, `q14a`, `q14b`) 
VALUES
   (
      '120003147', 'KETHAVARAPU TARUN KUMAR', 'BCSCCS602R03', '6', 'A', 'CSE', 'C130', '0', '0', '0', '0', '0', '0', '0', '0', '0', '0', '0', '0', '0', '0', '', ''
   )
;
INSERT INTO
   `cia2`(`Reg_no`, `student_name`, `coursecode`, `sem`, `section`, `dept`, `staffid`, `q1`, `q2`, `q3`, `q4`, `q5`, `q6`, `q7`, `q8`, `q9`, `q10`, `q11`, `q12`, `q13a`, `q13b`, `q14a`, `q14b`) 
VALUES
   (
      '120003150', 'KIRUBASRI S', 'BCSCCS602R03', '6', 'A', 'CSE', 'C130', '2', '1', '2', '0', '2', '2', '2', '0', '1', '1.5', '8', '0.5', '0', '10', '', ''
   )
;
INSERT INTO
   `cia2`(`Reg_no`, `student_name`, `coursecode`, `sem`, `section`, `dept`, `staffid`, `q1`, `q2`, `q3`, `q4`, `q5`, `q6`, `q7`, `q8`, `q9`, `q10`, `q11`, `q12`, `q13a`, `q13b`, `q14a`, `q14b`) 
VALUES
   (
      '120003164', 'LAKSHMANAN S', 'BCSCCS602R03', '6', 'A', 'CSE', 'C130', '1', '2', '2', '0', '1', '0', '2', '0', '1', '0', '8', '0', '3', '6', '', ''
   )
;
INSERT INTO
   `cia2`(`Reg_no`, `student_name`, `coursecode`, `sem`, `section`, `dept`, `staffid`, `q1`, `q2`, `q3`, `q4`, `q5`, `q6`, `q7`, `q8`, `q9`, `q10`, `q11`, `q12`, `q13a`, `q13b`, `q14a`, `q14b`) 
VALUES
   (
      '120003168', 'MADHUMITHA K', 'BCSCCS602R03', '6', 'A', 'CSE', 'C130', '2', '2', '2', '1', '2', '2', '2', '2', '0', '0', '7', '0', '6', '9', '', ''
   )
;
INSERT INTO
   `cia2`(`Reg_no`, `student_name`, `coursecode`, `sem`, `section`, `dept`, `staffid`, `q1`, `q2`, `q3`, `q4`, `q5`, `q6`, `q7`, `q8`, `q9`, `q10`, `q11`, `q12`, `q13a`, `q13b`, `q14a`, `q14b`) 
VALUES
   (
      '120003185', 'MITCHELLE FLAVIA JEROME M', 'BCSCCS602R03', '6', 'A', 'CSE', 'C130', '1', '2', '2', '2', '1', '0', '1.5', '0', '1', '2', '4.5', '0', '5', '10', '', ''
   )
;
INSERT INTO
   `cia2`(`Reg_no`, `student_name`, `coursecode`, `sem`, `section`, `dept`, `staffid`, `q1`, `q2`, `q3`, `q4`, `q5`, `q6`, `q7`, `q8`, `q9`, `q10`, `q11`, `q12`, `q13a`, `q13b`, `q14a`, `q14b`) 
VALUES
   (
      '120003186', 'MOGADAMPALLI JAYANTH', 'BCSCCS602R03', '6', 'A', 'CSE', 'C130', '1', '1', '2', '2', '1', '2', '2', '2', '0', '1', '8', '8', '5', '0', '', ''
   )
;
INSERT INTO
   `cia2`(`Reg_no`, `student_name`, `coursecode`, `sem`, `section`, `dept`, `staffid`, `q1`, `q2`, `q3`, `q4`, `q5`, `q6`, `q7`, `q8`, `q9`, `q10`, `q11`, `q12`, `q13a`, `q13b`, `q14a`, `q14b`) 
VALUES
   (
      '120003195', 'MUNJI AKASH', 'BCSCCS602R03', '6', 'A', 'CSE', 'C130', '1', '0', '2', '1', '1', '0', '2', '2', '1', '2', '7', '0', '4', '8', '', ''
   )
;
INSERT INTO
   `cia2`(`Reg_no`, `student_name`, `coursecode`, `sem`, `section`, `dept`, `staffid`, `q1`, `q2`, `q3`, `q4`, `q5`, `q6`, `q7`, `q8`, `q9`, `q10`, `q11`, `q12`, `q13a`, `q13b`, `q14a`, `q14b`) 
VALUES
   (
      '120003197', 'NAGUBANDI KRISHNA VAMSI', 'BCSCCS602R03', '6', 'A', 'CSE', 'C130', '0', '1', '2', '2', '1', '1', '0', '2', '0', '2', '7', '8', '0', '5', '', ''
   )
;
INSERT INTO
   `cia2`(`Reg_no`, `student_name`, `coursecode`, `sem`, `section`, `dept`, `staffid`, `q1`, `q2`, `q3`, `q4`, `q5`, `q6`, `q7`, `q8`, `q9`, `q10`, `q11`, `q12`, `q13a`, `q13b`, `q14a`, `q14b`) 
VALUES
   (
      '120003201', 'NALLURI SRI RAJA RAJESWARI DEVI', 'BCSCCS602R03', '6', 'A', 'CSE', 'C130', '0', '0', '0', '0', '0', '0', '0', '0', '0', '0', '0', '0', '0', '0', '', ''
   )
;
INSERT INTO
   `cia2`(`Reg_no`, `student_name`, `coursecode`, `sem`, `section`, `dept`, `staffid`, `q1`, `q2`, `q3`, `q4`, `q5`, `q6`, `q7`, `q8`, `q9`, `q10`, `q11`, `q12`, `q13a`, `q13b`, `q14a`, `q14b`) 
VALUES
   (
      '120003204', 'NARMADHA A', 'BCSCCS602R03', '6', 'A', 'CSE', 'C130', '2', '2', '2', '2', '2', '1', '1.5', '0', '1', '1.5', '8', '0', '6', '9', '', ''
   )
;
INSERT INTO
   `cia2`(`Reg_no`, `student_name`, `coursecode`, `sem`, `section`, `dept`, `staffid`, `q1`, `q2`, `q3`, `q4`, `q5`, `q6`, `q7`, `q8`, `q9`, `q10`, `q11`, `q12`, `q13a`, `q13b`, `q14a`, `q14b`) 
VALUES
   (
      '120003211', 'NIVEDITHA S K', 'BCSCCS602R03', '6', 'A', 'CSE', 'C130', '1', '1', '2', '2', '1', '0', '2', '2', '0', '1', '9', '4', '0', '10', '', ''
   )
;
INSERT INTO
   `cia2`(`Reg_no`, `student_name`, `coursecode`, `sem`, `section`, `dept`, `staffid`, `q1`, `q2`, `q3`, `q4`, `q5`, `q6`, `q7`, `q8`, `q9`, `q10`, `q11`, `q12`, `q13a`, `q13b`, `q14a`, `q14b`) 
VALUES
   (
      '120003212', 'NIVETHA B', 'BCSCCS602R03', '6', 'A', 'CSE', 'C130', '2', '1', '2', '2', '1.5', '2', '2', '2', '1', '0', '5.5', '6', '0', '10', '', ''
   )
;
INSERT INTO
   `cia2`(`Reg_no`, `student_name`, `coursecode`, `sem`, `section`, `dept`, `staffid`, `q1`, `q2`, `q3`, `q4`, `q5`, `q6`, `q7`, `q8`, `q9`, `q10`, `q11`, `q12`, `q13a`, `q13b`, `q14a`, `q14b`) 
VALUES
   (
      '120003213', 'PADMAPRIYA R N', 'BCSCCS602R03', '6', 'A', 'CSE', 'C130', '1.5', '1', '2', '2', '2', '2', '2', '2', '1', '1.5', '9', '0', '7', '10', '', ''
   )
;
INSERT INTO
   `cia2`(`Reg_no`, `student_name`, `coursecode`, `sem`, `section`, `dept`, `staffid`, `q1`, `q2`, `q3`, `q4`, `q5`, `q6`, `q7`, `q8`, `q9`, `q10`, `q11`, `q12`, `q13a`, `q13b`, `q14a`, `q14b`) 
VALUES
   (
      '120003220', 'PERUR SAI CHARAN', 'BCSCCS602R03', '6', 'A', 'CSE', 'C130', '1', '2', '0', '2', '0', '2', '2', '0', '2', '0', '8', '5', '0', '10', '', ''
   )
;
INSERT INTO
   `cia2`(`Reg_no`, `student_name`, `coursecode`, `sem`, `section`, `dept`, `staffid`, `q1`, `q2`, `q3`, `q4`, `q5`, `q6`, `q7`, `q8`, `q9`, `q10`, `q11`, `q12`, `q13a`, `q13b`, `q14a`, `q14b`) 
VALUES
   (
      '120003227', 'POTTI SAI ANILA SREE', 'BCSCCS602R03', '6', 'A', 'CSE', 'C130', '1', '2', '2', '2', '2', '2', '2', '2', '1', '2', '9', '0', '5', '10', '', ''
   )
;
INSERT INTO
   `cia2`(`Reg_no`, `student_name`, `coursecode`, `sem`, `section`, `dept`, `staffid`, `q1`, `q2`, `q3`, `q4`, `q5`, `q6`, `q7`, `q8`, `q9`, `q10`, `q11`, `q12`, `q13a`, `q13b`, `q14a`, `q14b`) 
VALUES
   (
      '120003229', 'PRAVEENA RAMALINGAM', 'BCSCCS602R03', '6', 'A', 'CSE', 'C130', '2', '2', '2', '1', '1', '2', '2', '0', '1', '1', '9', '0', '5', '9', '', ''
   )
;
INSERT INTO
   `cia2`(`Reg_no`, `student_name`, `coursecode`, `sem`, `section`, `dept`, `staffid`, `q1`, `q2`, `q3`, `q4`, `q5`, `q6`, `q7`, `q8`, `q9`, `q10`, `q11`, `q12`, `q13a`, `q13b`, `q14a`, `q14b`) 
VALUES
   (
      '120003231', 'PULAKANTI SRI VARDHAN REDDY', 'BCSCCS602R03', '6', 'A', 'CSE', 'C130', '1', '1', '0', '0', '1', '0', '0', '0', '0', '0', '8', '0', '6', '10', '', ''
   )
;
INSERT INTO
   `cia2`(`Reg_no`, `student_name`, `coursecode`, `sem`, `section`, `dept`, `staffid`, `q1`, `q2`, `q3`, `q4`, `q5`, `q6`, `q7`, `q8`, `q9`, `q10`, `q11`, `q12`, `q13a`, `q13b`, `q14a`, `q14b`) 
VALUES
   (
      '120003259', 'RENUKA K', 'BCSCCS602R03', '6', 'A', 'CSE', 'C130', '1', '2', '2', '2', '1.5', '2', '2', '2', '1', '2', '7.5', '0', '7', '8', '', ''
   )
;
INSERT INTO
   `cia2`(`Reg_no`, `student_name`, `coursecode`, `sem`, `section`, `dept`, `staffid`, `q1`, `q2`, `q3`, `q4`, `q5`, `q6`, `q7`, `q8`, `q9`, `q10`, `q11`, `q12`, `q13a`, `q13b`, `q14a`, `q14b`) 
VALUES
   (
      '120003265', 'SALIMIDI KAMAL KISHORE REDDY', 'BCSCCS602R03', '6', 'A', 'CSE', 'C130', '1', '0', '2', '1.5', '1.5', '0', '0', '0', '1', '0', '8', '3', '0', '10', '', ''
   )
;
INSERT INTO
   `cia2`(`Reg_no`, `student_name`, `coursecode`, `sem`, `section`, `dept`, `staffid`, `q1`, `q2`, `q3`, `q4`, `q5`, `q6`, `q7`, `q8`, `q9`, `q10`, `q11`, `q12`, `q13a`, `q13b`, `q14a`, `q14b`) 
VALUES
   (
      '120003273', 'SARALA VASUDEVAN', 'BCSCCS602R03', '6', 'A', 'CSE', 'C130', '1', '1.5', '0', '2', '1', '1.5', '0', '0', '1', '0', '10', '0', '4', '7', '', ''
   )
;
INSERT INTO
   `cia2`(`Reg_no`, `student_name`, `coursecode`, `sem`, `section`, `dept`, `staffid`, `q1`, `q2`, `q3`, `q4`, `q5`, `q6`, `q7`, `q8`, `q9`, `q10`, `q11`, `q12`, `q13a`, `q13b`, `q14a`, `q14b`) 
VALUES
   (
      '120003276', 'SARIKA M', 'BCSCCS602R03', '6', 'A', 'CSE', 'C130', '0', '2', '2', '2', '1', '0', '1', '2', '0', '2', '8', '0', '4', '8', '', ''
   )
;
INSERT INTO
   `cia2`(`Reg_no`, `student_name`, `coursecode`, `sem`, `section`, `dept`, `staffid`, `q1`, `q2`, `q3`, `q4`, `q5`, `q6`, `q7`, `q8`, `q9`, `q10`, `q11`, `q12`, `q13a`, `q13b`, `q14a`, `q14b`) 
VALUES
   (
      '120003291', 'SHIYAM V', 'BCSCCS602R03', '6', 'A', 'CSE', 'C130', '0', '2', '0', '0', '0', '0', '2', '2', '0', '0', '6', '0', '4', '7', '', ''
   )
;
INSERT INTO
   `cia2`(`Reg_no`, `student_name`, `coursecode`, `sem`, `section`, `dept`, `staffid`, `q1`, `q2`, `q3`, `q4`, `q5`, `q6`, `q7`, `q8`, `q9`, `q10`, `q11`, `q12`, `q13a`, `q13b`, `q14a`, `q14b`) 
VALUES
   (
      '120003293', 'SHRI HARINA J', 'BCSCCS602R03', '6', 'A', 'CSE', 'C130', '1', '1.5', '2', '2', '0', '2', '2', '2', '1', '2', '7', '0', '8', '3.5', '', ''
   )
;
INSERT INTO
   `cia2`(`Reg_no`, `student_name`, `coursecode`, `sem`, `section`, `dept`, `staffid`, `q1`, `q2`, `q3`, `q4`, `q5`, `q6`, `q7`, `q8`, `q9`, `q10`, `q11`, `q12`, `q13a`, `q13b`, `q14a`, `q14b`) 
VALUES
   (
      '120003294', 'SINDUJA S', 'BCSCCS602R03', '6', 'A', 'CSE', 'C130', '1.5', '1', '2', '0', '2', '2', '1', '0', '0', '0', '8', '10', '4.5', '0', '', ''
   )
;
INSERT INTO
   `cia2`(`Reg_no`, `student_name`, `coursecode`, `sem`, `section`, `dept`, `staffid`, `q1`, `q2`, `q3`, `q4`, `q5`, `q6`, `q7`, `q8`, `q9`, `q10`, `q11`, `q12`, `q13a`, `q13b`, `q14a`, `q14b`) 
VALUES
   (
      '120003298', 'SONALI D', 'BCSCCS602R03', '6', 'A', 'CSE', 'C130', '1', '1.5', '2', '2', '1.5', '1', '1.5', '2', '1.5', '0', '8', '0', '8', '10', '', ''
   )
;
INSERT INTO
   `cia2`(`Reg_no`, `student_name`, `coursecode`, `sem`, `section`, `dept`, `staffid`, `q1`, `q2`, `q3`, `q4`, `q5`, `q6`, `q7`, `q8`, `q9`, `q10`, `q11`, `q12`, `q13a`, `q13b`, `q14a`, `q14b`) 
VALUES
   (
      '120003304', 'SRI HARI P', 'BCSCCS602R03', '6', 'A', 'CSE', 'C130', '1', '1', '2', '1', '0', '1', '2', '2', '1', '2', '8', '3', '0', '7', '', ''
   )
;
INSERT INTO
   `cia2`(`Reg_no`, `student_name`, `coursecode`, `sem`, `section`, `dept`, `staffid`, `q1`, `q2`, `q3`, `q4`, `q5`, `q6`, `q7`, `q8`, `q9`, `q10`, `q11`, `q12`, `q13a`, `q13b`, `q14a`, `q14b`) 
VALUES
   (
      '120003317', 'SUBISH R', 'BCSCCS602R03', '6', 'A', 'CSE', 'C130', '2', '1', '0', '1.5', '0', '0', '0', '2', '1', '1.5', '8', '0', '8', '10', '', ''
   )
;
INSERT INTO
   `cia2`(`Reg_no`, `student_name`, `coursecode`, `sem`, `section`, `dept`, `staffid`, `q1`, `q2`, `q3`, `q4`, `q5`, `q6`, `q7`, `q8`, `q9`, `q10`, `q11`, `q12`, `q13a`, `q13b`, `q14a`, `q14b`) 
VALUES
   (
      '120003323', 'SUSHMETHA S', 'BCSCCS602R03', '6', 'A', 'CSE', 'C130', '1', '1.5', '2', '2', '1.5', '2', '2', '2', '0', '1.5', '8', '0', '2.5', '10', '', ''
   )
;
INSERT INTO
   `cia2`(`Reg_no`, `student_name`, `coursecode`, `sem`, `section`, `dept`, `staffid`, `q1`, `q2`, `q3`, `q4`, `q5`, `q6`, `q7`, `q8`, `q9`, `q10`, `q11`, `q12`, `q13a`, `q13b`, `q14a`, `q14b`) 
VALUES
   (
      '120003324', 'SWAPNIL M KUMBHARE', 'BCSCCS602R03', '6', 'A', 'CSE', 'C130', '1', '2', '0', '0', '1', '0', '0', '2', '0', '2', '10', '0', '4', '6', '', ''
   )
;
INSERT INTO
   `cia2`(`Reg_no`, `student_name`, `coursecode`, `sem`, `section`, `dept`, `staffid`, `q1`, `q2`, `q3`, `q4`, `q5`, `q6`, `q7`, `q8`, `q9`, `q10`, `q11`, `q12`, `q13a`, `q13b`, `q14a`, `q14b`) 
VALUES
   (
      '120003328', 'TADIKONDA PARVATHI LAKSHMI MADHURI', 'BCSCCS602R03', '6', 'A', 'CSE', 'C130', '1', '2', '2', '2', '2', '2', '2', '2', '1', '2', '8', '8', '0', '8', '', ''
   )
;
INSERT INTO
   `cia2`(`Reg_no`, `student_name`, `coursecode`, `sem`, `section`, `dept`, `staffid`, `q1`, `q2`, `q3`, `q4`, `q5`, `q6`, `q7`, `q8`, `q9`, `q10`, `q11`, `q12`, `q13a`, `q13b`, `q14a`, `q14b`) 
VALUES
   (
      '120003329', 'TANAMALA PRASANNA SAIKUMAR REDDY', 'BCSCCS602R03', '6', 'A', 'CSE', 'C130', '1', '2', '2', '2', '2', '2', '2', '2', '1', '1', '6', '0', '7', '10', '', ''
   )
;
INSERT INTO
   `cia2`(`Reg_no`, `student_name`, `coursecode`, `sem`, `section`, `dept`, `staffid`, `q1`, `q2`, `q3`, `q4`, `q5`, `q6`, `q7`, `q8`, `q9`, `q10`, `q11`, `q12`, `q13a`, `q13b`, `q14a`, `q14b`) 
VALUES
   (
      '120003340', 'VAISHNAVI K', 'BCSCCS602R03', '6', 'A', 'CSE', 'C130', '1', '1.5', '2', '1.5', '1', '1', '1', '2', '0', '1', '9', '0', '7', '3', '', ''
   )
;
INSERT INTO
   `cia2`(`Reg_no`, `student_name`, `coursecode`, `sem`, `section`, `dept`, `staffid`, `q1`, `q2`, `q3`, `q4`, `q5`, `q6`, `q7`, `q8`, `q9`, `q10`, `q11`, `q12`, `q13a`, `q13b`, `q14a`, `q14b`) 
VALUES
   (
      '120003341', 'VAISHNAVI V', 'BCSCCS602R03', '6', 'A', 'CSE', 'C130', '1.5', '1.5', '2', '1.5', '0', '1.5', '1', '2', '0', '2', '7', '0', '8', '10', '', ''
   )
;
INSERT INTO
   `cia2`(`Reg_no`, `student_name`, `coursecode`, `sem`, `section`, `dept`, `staffid`, `q1`, `q2`, `q3`, `q4`, `q5`, `q6`, `q7`, `q8`, `q9`, `q10`, `q11`, `q12`, `q13a`, `q13b`, `q14a`, `q14b`) 
VALUES
   (
      '120003343', 'VARSHIGA ANANTH', 'BCSCCS602R03', '6', 'A', 'CSE', 'C130', '1', '2', '2', '0', '1', '2', '2', '2', '1', '1', '5', '0', '3', '10', '', ''
   )
;
INSERT INTO
   `cia2`(`Reg_no`, `student_name`, `coursecode`, `sem`, `section`, `dept`, `staffid`, `q1`, `q2`, `q3`, `q4`, `q5`, `q6`, `q7`, `q8`, `q9`, `q10`, `q11`, `q12`, `q13a`, `q13b`, `q14a`, `q14b`) 
VALUES
   (
      '120003361', 'VIGNESHWER N', 'BCSCCS602R03', '6', 'A', 'CSE', 'C130', '0', '1', '0', '2', '1', '0', '1', '0', '1', '0', '9', '2', '0', '4', '', ''
   )
;
INSERT INTO
   `cia2`(`Reg_no`, `student_name`, `coursecode`, `sem`, `section`, `dept`, `staffid`, `q1`, `q2`, `q3`, `q4`, `q5`, `q6`, `q7`, `q8`, `q9`, `q10`, `q11`, `q12`, `q13a`, `q13b`, `q14a`, `q14b`) 
VALUES
   (
      '120003363', 'VIJAYALAKSHMI P', 'BCSCCS602R03', '6', 'A', 'CSE', 'C130', '2', '2', '2', '2', '2', '1', '1', '2', '1', '2', '8', '0', '4', '10', '', ''
   )
;
INSERT INTO
   `cia2`(`Reg_no`, `student_name`, `coursecode`, `sem`, `section`, `dept`, `staffid`, `q1`, `q2`, `q3`, `q4`, `q5`, `q6`, `q7`, `q8`, `q9`, `q10`, `q11`, `q12`, `q13a`, `q13b`, `q14a`, `q14b`) 
VALUES
   (
      '120003364', 'VINOTH L', 'BCSCCS602R03', '6', 'A', 'CSE', 'C130', '1', '1', '0', '0', '1', '0', '0', '0', '1', '2', '7.5', '0', '4', '4', '', ''
   )
;
INSERT INTO
   `cia2`(`Reg_no`, `student_name`, `coursecode`, `sem`, `section`, `dept`, `staffid`, `q1`, `q2`, `q3`, `q4`, `q5`, `q6`, `q7`, `q8`, `q9`, `q10`, `q11`, `q12`, `q13a`, `q13b`, `q14a`, `q14b`) 
VALUES
   (
      '120003365', 'VINOTHANA K', 'BCSCCS602R03', '6', 'A', 'CSE', 'C130', '1', '2', '0', '2', '2', '2', '2', '2', '1', '0', '4.5', '0', '7.5', '10', '', ''
   )
;
INSERT INTO
   `cia2`(`Reg_no`, `student_name`, `coursecode`, `sem`, `section`, `dept`, `staffid`, `q1`, `q2`, `q3`, `q4`, `q5`, `q6`, `q7`, `q8`, `q9`, `q10`, `q11`, `q12`, `q13a`, `q13b`, `q14a`, `q14b`) 
VALUES
   (
      '120003376', 'YARASURI SRI SAI CHARAN', 'BCSCCS602R03', '6', 'A', 'CSE', 'C130', '0', '0', '2', '0', '0', '0', '0', '0', '0', '0', '4', '0', '0', '5', '', ''
   )
;
UPDATE
   cia2 
set
   CO1 = q3 
where
   staffid = 'C130' 
   AND coursecode = 'BCSCCS602R03';
INSERT INTO
   `cia2`(`Reg_no`, `student_name`, `coursecode`, `sem`, `section`, `dept`, `staffid`, `q1`, `q2`, `q3`, `q4`, `q5`, `q6`, `q7`, `q8`, `q9`, `q10`, `q11`, `q12`, `q13a`, `q13b`, `q14a`, `q14b`) 
VALUES
   (
      '120003006', 'ABOORANI A', 'BCSCCS602R03', '6', 'A', 'CSE', 'C130', '1', '2', '2', '1.5', '1', '0', '2', '2', '1', '1', '9.5', '5', '0', '9', '', ''
   )
;
INSERT INTO
   `cia2`(`Reg_no`, `student_name`, `coursecode`, `sem`, `section`, `dept`, `staffid`, `q1`, `q2`, `q3`, `q4`, `q5`, `q6`, `q7`, `q8`, `q9`, `q10`, `q11`, `q12`, `q13a`, `q13b`, `q14a`, `q14b`) 
VALUES
   (
      '120003010', 'AJAY KARTHICK S', 'BCSCCS602R03', '6', 'A', 'CSE', 'C130', '1', '2', '2', '1', '1.5', '2', '1', '2', '1', '1.5', '8', '3', '0', '8', '', ''
   )
;
INSERT INTO
   `cia2`(`Reg_no`, `student_name`, `coursecode`, `sem`, `section`, `dept`, `staffid`, `q1`, `q2`, `q3`, `q4`, `q5`, `q6`, `q7`, `q8`, `q9`, `q10`, `q11`, `q12`, `q13a`, `q13b`, `q14a`, `q14b`) 
VALUES
   (
      '120003017', 'ALAMELUMEENAKSHI V', 'BCSCCS602R03', '6', 'A', 'CSE', 'C130', '1', '2', '0', '0', '2', '2', '2', '0', '1', '0', '4', '0', '0', '10', '', ''
   )
;
INSERT INTO
   `cia2`(`Reg_no`, `student_name`, `coursecode`, `sem`, `section`, `dept`, `staffid`, `q1`, `q2`, `q3`, `q4`, `q5`, `q6`, `q7`, `q8`, `q9`, `q10`, `q11`, `q12`, `q13a`, `q13b`, `q14a`, `q14b`) 
VALUES
   (
      '120003019', 'AMBATI BHARGAVI REDDY', 'BCSCCS602R03', '6', 'A', 'CSE', 'C130', '1', '2', '2', '1.5', '2', '1', '2', '2', '1', '1', '8.5', '0', '7', '10', '', ''
   )
;
INSERT INTO
   `cia2`(`Reg_no`, `student_name`, `coursecode`, `sem`, `section`, `dept`, `staffid`, `q1`, `q2`, `q3`, `q4`, `q5`, `q6`, `q7`, `q8`, `q9`, `q10`, `q11`, `q12`, `q13a`, `q13b`, `q14a`, `q14b`) 
VALUES
   (
      '120003032', 'ARTHIKA S', 'BCSCCS602R03', '6', 'A', 'CSE', 'C130', '2', '1.5', '1', '1', '2', '2', '1.5', '0', '1', '2', '9', '6', '0', '9', '', ''
   )
;
INSERT INTO
   `cia2`(`Reg_no`, `student_name`, `coursecode`, `sem`, `section`, `dept`, `staffid`, `q1`, `q2`, `q3`, `q4`, `q5`, `q6`, `q7`, `q8`, `q9`, `q10`, `q11`, `q12`, `q13a`, `q13b`, `q14a`, `q14b`) 
VALUES
   (
      '120003033', 'ARUNKUMAR K', 'BCSCCS602R03', '6', 'A', 'CSE', 'C130', '2', '0', '2', '1', '1', '1', '2', '0', '1', '1', '6', '0', '9', '8', '', ''
   )
;
INSERT INTO
   `cia2`(`Reg_no`, `student_name`, `coursecode`, `sem`, `section`, `dept`, `staffid`, `q1`, `q2`, `q3`, `q4`, `q5`, `q6`, `q7`, `q8`, `q9`, `q10`, `q11`, `q12`, `q13a`, `q13b`, `q14a`, `q14b`) 
VALUES
   (
      '120003037', 'ASHWINI SIVARANJANI R S', 'BCSCCS602R03', '6', 'A', 'CSE', 'C130', '1', '2', '2', '0', '1', '1', '2', '2', '1', '0', '6', '0', '8', '8', '', ''
   )
;
INSERT INTO
   `cia2`(`Reg_no`, `student_name`, `coursecode`, `sem`, `section`, `dept`, `staffid`, `q1`, `q2`, `q3`, `q4`, `q5`, `q6`, `q7`, `q8`, `q9`, `q10`, `q11`, `q12`, `q13a`, `q13b`, `q14a`, `q14b`) 
VALUES
   (
      '120003050', 'BHUVANESHWARI S', 'BCSCCS602R03', '6', 'A', 'CSE', 'C130', '1', '2', '2', '0', '1.5', '0', '0', '2', '0', '0', '8.5', '4', '5', '0', '', ''
   )
;
INSERT INTO
   `cia2`(`Reg_no`, `student_name`, `coursecode`, `sem`, `section`, `dept`, `staffid`, `q1`, `q2`, `q3`, `q4`, `q5`, `q6`, `q7`, `q8`, `q9`, `q10`, `q11`, `q12`, `q13a`, `q13b`, `q14a`, `q14b`) 
VALUES
   (
      '120003064', 'CHEJARLA VENKATA SURYA SAI VARSHINI', 'BCSCCS602R03', '6', 'A', 'CSE', 'C130', '2', '2', '2', '2', '2', '2', '2', '2', '2', '2', '9', '0', '7', '10', '', ''
   )
;
INSERT INTO
   `cia2`(`Reg_no`, `student_name`, `coursecode`, `sem`, `section`, `dept`, `staffid`, `q1`, `q2`, `q3`, `q4`, `q5`, `q6`, `q7`, `q8`, `q9`, `q10`, `q11`, `q12`, `q13a`, `q13b`, `q14a`, `q14b`) 
VALUES
   (
      '120003077', 'DEVIREDDY NAGALAKSHMI DURGA NIHARIKA', 'BCSCCS602R03', '6', 'A', 'CSE', 'C130', '1', '2', '0', '1', '2', '2', '2', '2', '1', '1', '8', '0', '6', '9', '', ''
   )
;
INSERT INTO
   `cia2`(`Reg_no`, `student_name`, `coursecode`, `sem`, `section`, `dept`, `staffid`, `q1`, `q2`, `q3`, `q4`, `q5`, `q6`, `q7`, `q8`, `q9`, `q10`, `q11`, `q12`, `q13a`, `q13b`, `q14a`, `q14b`) 
VALUES
   (
      '120003083', 'DIVYA V', 'BCSCCS602R03', '6', 'A', 'CSE', 'C130', '0', '2', '2', '2', '0', '0', '2', '2', '1', '1.5', '9', '0', '8.5', '8', '', ''
   )
;
INSERT INTO
   `cia2`(`Reg_no`, `student_name`, `coursecode`, `sem`, `section`, `dept`, `staffid`, `q1`, `q2`, `q3`, `q4`, `q5`, `q6`, `q7`, `q8`, `q9`, `q10`, `q11`, `q12`, `q13a`, `q13b`, `q14a`, `q14b`) 
VALUES
   (
      '120003084', 'DIVYASSHREE N', 'BCSCCS602R03', '6', 'A', 'CSE', 'C130', '1', '1.5', '2', '2', '1.5', '2', '1', '2', '1', '1', '9', '9', '0', '9', '', ''
   )
;
INSERT INTO
   `cia2`(`Reg_no`, `student_name`, `coursecode`, `sem`, `section`, `dept`, `staffid`, `q1`, `q2`, `q3`, `q4`, `q5`, `q6`, `q7`, `q8`, `q9`, `q10`, `q11`, `q12`, `q13a`, `q13b`, `q14a`, `q14b`) 
VALUES
   (
      '120003085', 'DUGGAMPUDI PHANINDRA REDDY', 'BCSCCS602R03', '6', 'A', 'CSE', 'C130', '0', '1', '2', '2', '2', '1', '0', '2', '0', '0', '5.5', '3', '3.5', '0', '', ''
   )
;
INSERT INTO
   `cia2`(`Reg_no`, `student_name`, `coursecode`, `sem`, `section`, `dept`, `staffid`, `q1`, `q2`, `q3`, `q4`, `q5`, `q6`, `q7`, `q8`, `q9`, `q10`, `q11`, `q12`, `q13a`, `q13b`, `q14a`, `q14b`) 
VALUES
   (
      '120003092', 'GANGANABOINA DIVYA', 'BCSCCS602R03', '6', 'A', 'CSE', 'C130', '1.5', '1', '2', '2', '1.5', '2', '2', '2', '0', '1.5', '8.5', '0', '7', '10', '', ''
   )
;
INSERT INTO
   `cia2`(`Reg_no`, `student_name`, `coursecode`, `sem`, `section`, `dept`, `staffid`, `q1`, `q2`, `q3`, `q4`, `q5`, `q6`, `q7`, `q8`, `q9`, `q10`, `q11`, `q12`, `q13a`, `q13b`, `q14a`, `q14b`) 
VALUES
   (
      '120003095', 'GAYATHRI T C', 'BCSCCS602R03', '6', 'A', 'CSE', 'C130', '1', '2', '2', '2', '2', '2', '1', '2', '1.5', '0', '9', '0', '6', '7.5', '', ''
   )
;
INSERT INTO
   `cia2`(`Reg_no`, `student_name`, `coursecode`, `sem`, `section`, `dept`, `staffid`, `q1`, `q2`, `q3`, `q4`, `q5`, `q6`, `q7`, `q8`, `q9`, `q10`, `q11`, `q12`, `q13a`, `q13b`, `q14a`, `q14b`) 
VALUES
   (
      '120003103', 'GUDDATI PRANAY DAYAL', 'BCSCCS602R03', '6', 'A', 'CSE', 'C130', '1.5', '1', '2', '0', '1.5', '1', '2', '2', '0', '0', '9', '0', '7', '6', '', ''
   )
;
INSERT INTO
   `cia2`(`Reg_no`, `student_name`, `coursecode`, `sem`, `section`, `dept`, `staffid`, `q1`, `q2`, `q3`, `q4`, `q5`, `q6`, `q7`, `q8`, `q9`, `q10`, `q11`, `q12`, `q13a`, `q13b`, `q14a`, `q14b`) 
VALUES
   (
      '120003108', 'HARI PRASATH M', 'BCSCCS602R03', '6', 'A', 'CSE', 'C130', '0', '1.5', '2', '1', '1', '1', '0', '2', '0', '1.5', '4.5', '0', '5.5', '8', '', ''
   )
;
INSERT INTO
   `cia2`(`Reg_no`, `student_name`, `coursecode`, `sem`, `section`, `dept`, `staffid`, `q1`, `q2`, `q3`, `q4`, `q5`, `q6`, `q7`, `q8`, `q9`, `q10`, `q11`, `q12`, `q13a`, `q13b`, `q14a`, `q14b`) 
VALUES
   (
      '120003112', 'HARISH KANNA R G', 'BCSCCS602R03', '6', 'A', 'CSE', 'C130', '1', '1', '2', '1', '0', '0', '1', '0', '1', '0', '6', '2.5', '1.5', '0', '', ''
   )
;
INSERT INTO
   `cia2`(`Reg_no`, `student_name`, `coursecode`, `sem`, `section`, `dept`, `staffid`, `q1`, `q2`, `q3`, `q4`, `q5`, `q6`, `q7`, `q8`, `q9`, `q10`, `q11`, `q12`, `q13a`, `q13b`, `q14a`, `q14b`) 
VALUES
   (
      '120003116', 'ILAKKIYAA N S', 'BCSCCS602R03', '6', 'A', 'CSE', 'C130', '1', '1', '2', '0', '1', '0', '1', '0', '1', '1', '9', '7', '0', '10', '', ''
   )
;
INSERT INTO
   `cia2`(`Reg_no`, `student_name`, `coursecode`, `sem`, `section`, `dept`, `staffid`, `q1`, `q2`, `q3`, `q4`, `q5`, `q6`, `q7`, `q8`, `q9`, `q10`, `q11`, `q12`, `q13a`, `q13b`, `q14a`, `q14b`) 
VALUES
   (
      '120003120', 'JANANE R L', 'BCSCCS602R03', '6', 'A', 'CSE', 'C130', '1', '2', '2', '1.5', '1', '0', '2', '2', '1', '1', '8.5', '0', '7', '10', '', ''
   )
;
INSERT INTO
   `cia2`(`Reg_no`, `student_name`, `coursecode`, `sem`, `section`, `dept`, `staffid`, `q1`, `q2`, `q3`, `q4`, `q5`, `q6`, `q7`, `q8`, `q9`, `q10`, `q11`, `q12`, `q13a`, `q13b`, `q14a`, `q14b`) 
VALUES
   (
      '120003130', 'KAMMANA GOWTHAM KUMAR', 'BCSCCS602R03', '6', 'A', 'CSE', 'C130', '1', '1', '2', '1', '1', '0', '0', '2', '1', '0', '8', '0', '5', '10', '', ''
   )
;
INSERT INTO
   `cia2`(`Reg_no`, `student_name`, `coursecode`, `sem`, `section`, `dept`, `staffid`, `q1`, `q2`, `q3`, `q4`, `q5`, `q6`, `q7`, `q8`, `q9`, `q10`, `q11`, `q12`, `q13a`, `q13b`, `q14a`, `q14b`) 
VALUES
   (
      '120003131', 'KANMANI R', 'BCSCCS602R03', '6', 'A', 'CSE', 'C130', '0', '0', '0', '0', '0', '0', '0', '0', '0', '0', '0', '0', '0', '0', '', ''
   )
;
INSERT INTO
   `cia2`(`Reg_no`, `student_name`, `coursecode`, `sem`, `section`, `dept`, `staffid`, `q1`, `q2`, `q3`, `q4`, `q5`, `q6`, `q7`, `q8`, `q9`, `q10`, `q11`, `q12`, `q13a`, `q13b`, `q14a`, `q14b`) 
VALUES
   (
      '120003135', 'KARANAM JYOTHISWAROOP', 'BCSCCS602R03', '6', 'A', 'CSE', 'C130', '0', '1.5', '2', '2', '2', '0', '1', '2', '0', '0', '9', '4', '6.5', '0', '', ''
   )
;
INSERT INTO
   `cia2`(`Reg_no`, `student_name`, `coursecode`, `sem`, `section`, `dept`, `staffid`, `q1`, `q2`, `q3`, `q4`, `q5`, `q6`, `q7`, `q8`, `q9`, `q10`, `q11`, `q12`, `q13a`, `q13b`, `q14a`, `q14b`) 
VALUES
   (
      '120003143', 'KEERTHI G', 'BCSCCS602R03', '6', 'A', 'CSE', 'C130', '0', '2', '2', '1', '2', '2', '2', '2', '1', '2', '8.5', '0', '3.5', '6', '', ''
   )
;
INSERT INTO
   `cia2`(`Reg_no`, `student_name`, `coursecode`, `sem`, `section`, `dept`, `staffid`, `q1`, `q2`, `q3`, `q4`, `q5`, `q6`, `q7`, `q8`, `q9`, `q10`, `q11`, `q12`, `q13a`, `q13b`, `q14a`, `q14b`) 
VALUES
   (
      '120003147', 'KETHAVARAPU TARUN KUMAR', 'BCSCCS602R03', '6', 'A', 'CSE', 'C130', '0', '0', '0', '0', '0', '0', '0', '0', '0', '0', '0', '0', '0', '0', '', ''
   )
;
INSERT INTO
   `cia2`(`Reg_no`, `student_name`, `coursecode`, `sem`, `section`, `dept`, `staffid`, `q1`, `q2`, `q3`, `q4`, `q5`, `q6`, `q7`, `q8`, `q9`, `q10`, `q11`, `q12`, `q13a`, `q13b`, `q14a`, `q14b`) 
VALUES
   (
      '120003150', 'KIRUBASRI S', 'BCSCCS602R03', '6', 'A', 'CSE', 'C130', '2', '1', '2', '0', '2', '2', '2', '0', '1', '1.5', '8', '0.5', '0', '10', '', ''
   )
;
INSERT INTO
   `cia2`(`Reg_no`, `student_name`, `coursecode`, `sem`, `section`, `dept`, `staffid`, `q1`, `q2`, `q3`, `q4`, `q5`, `q6`, `q7`, `q8`, `q9`, `q10`, `q11`, `q12`, `q13a`, `q13b`, `q14a`, `q14b`) 
VALUES
   (
      '120003164', 'LAKSHMANAN S', 'BCSCCS602R03', '6', 'A', 'CSE', 'C130', '1', '2', '2', '0', '1', '0', '2', '0', '1', '0', '8', '0', '3', '6', '', ''
   )
;
INSERT INTO
   `cia2`(`Reg_no`, `student_name`, `coursecode`, `sem`, `section`, `dept`, `staffid`, `q1`, `q2`, `q3`, `q4`, `q5`, `q6`, `q7`, `q8`, `q9`, `q10`, `q11`, `q12`, `q13a`, `q13b`, `q14a`, `q14b`) 
VALUES
   (
      '120003168', 'MADHUMITHA K', 'BCSCCS602R03', '6', 'A', 'CSE', 'C130', '2', '2', '2', '1', '2', '2', '2', '2', '0', '0', '7', '0', '6', '9', '', ''
   )
;
INSERT INTO
   `cia2`(`Reg_no`, `student_name`, `coursecode`, `sem`, `section`, `dept`, `staffid`, `q1`, `q2`, `q3`, `q4`, `q5`, `q6`, `q7`, `q8`, `q9`, `q10`, `q11`, `q12`, `q13a`, `q13b`, `q14a`, `q14b`) 
VALUES
   (
      '120003185', 'MITCHELLE FLAVIA JEROME M', 'BCSCCS602R03', '6', 'A', 'CSE', 'C130', '1', '2', '2', '2', '1', '0', '1.5', '0', '1', '2', '4.5', '0', '5', '10', '', ''
   )
;
INSERT INTO
   `cia2`(`Reg_no`, `student_name`, `coursecode`, `sem`, `section`, `dept`, `staffid`, `q1`, `q2`, `q3`, `q4`, `q5`, `q6`, `q7`, `q8`, `q9`, `q10`, `q11`, `q12`, `q13a`, `q13b`, `q14a`, `q14b`) 
VALUES
   (
      '120003186', 'MOGADAMPALLI JAYANTH', 'BCSCCS602R03', '6', 'A', 'CSE', 'C130', '1', '1', '2', '2', '1', '2', '2', '2', '0', '1', '8', '8', '5', '0', '', ''
   )
;
INSERT INTO
   `cia2`(`Reg_no`, `student_name`, `coursecode`, `sem`, `section`, `dept`, `staffid`, `q1`, `q2`, `q3`, `q4`, `q5`, `q6`, `q7`, `q8`, `q9`, `q10`, `q11`, `q12`, `q13a`, `q13b`, `q14a`, `q14b`) 
VALUES
   (
      '120003195', 'MUNJI AKASH', 'BCSCCS602R03', '6', 'A', 'CSE', 'C130', '1', '0', '2', '1', '1', '0', '2', '2', '1', '2', '7', '0', '4', '8', '', ''
   )
;
INSERT INTO
   `cia2`(`Reg_no`, `student_name`, `coursecode`, `sem`, `section`, `dept`, `staffid`, `q1`, `q2`, `q3`, `q4`, `q5`, `q6`, `q7`, `q8`, `q9`, `q10`, `q11`, `q12`, `q13a`, `q13b`, `q14a`, `q14b`) 
VALUES
   (
      '120003197', 'NAGUBANDI KRISHNA VAMSI', 'BCSCCS602R03', '6', 'A', 'CSE', 'C130', '0', '1', '2', '2', '1', '1', '0', '2', '0', '2', '7', '8', '0', '5', '', ''
   )
;
INSERT INTO
   `cia2`(`Reg_no`, `student_name`, `coursecode`, `sem`, `section`, `dept`, `staffid`, `q1`, `q2`, `q3`, `q4`, `q5`, `q6`, `q7`, `q8`, `q9`, `q10`, `q11`, `q12`, `q13a`, `q13b`, `q14a`, `q14b`) 
VALUES
   (
      '120003201', 'NALLURI SRI RAJA RAJESWARI DEVI', 'BCSCCS602R03', '6', 'A', 'CSE', 'C130', '0', '0', '0', '0', '0', '0', '0', '0', '0', '0', '0', '0', '0', '0', '', ''
   )
;
INSERT INTO
   `cia2`(`Reg_no`, `student_name`, `coursecode`, `sem`, `section`, `dept`, `staffid`, `q1`, `q2`, `q3`, `q4`, `q5`, `q6`, `q7`, `q8`, `q9`, `q10`, `q11`, `q12`, `q13a`, `q13b`, `q14a`, `q14b`) 
VALUES
   (
      '120003204', 'NARMADHA A', 'BCSCCS602R03', '6', 'A', 'CSE', 'C130', '2', '2', '2', '2', '2', '1', '1.5', '0', '1', '1.5', '8', '0', '6', '9', '', ''
   )
;
INSERT INTO
   `cia2`(`Reg_no`, `student_name`, `coursecode`, `sem`, `section`, `dept`, `staffid`, `q1`, `q2`, `q3`, `q4`, `q5`, `q6`, `q7`, `q8`, `q9`, `q10`, `q11`, `q12`, `q13a`, `q13b`, `q14a`, `q14b`) 
VALUES
   (
      '120003211', 'NIVEDITHA S K', 'BCSCCS602R03', '6', 'A', 'CSE', 'C130', '1', '1', '2', '2', '1', '0', '2', '2', '0', '1', '9', '4', '0', '10', '', ''
   )
;
INSERT INTO
   `cia2`(`Reg_no`, `student_name`, `coursecode`, `sem`, `section`, `dept`, `staffid`, `q1`, `q2`, `q3`, `q4`, `q5`, `q6`, `q7`, `q8`, `q9`, `q10`, `q11`, `q12`, `q13a`, `q13b`, `q14a`, `q14b`) 
VALUES
   (
      '120003212', 'NIVETHA B', 'BCSCCS602R03', '6', 'A', 'CSE', 'C130', '2', '1', '2', '2', '1.5', '2', '2', '2', '1', '0', '5.5', '6', '0', '10', '', ''
   )
;
INSERT INTO
   `cia2`(`Reg_no`, `student_name`, `coursecode`, `sem`, `section`, `dept`, `staffid`, `q1`, `q2`, `q3`, `q4`, `q5`, `q6`, `q7`, `q8`, `q9`, `q10`, `q11`, `q12`, `q13a`, `q13b`, `q14a`, `q14b`) 
VALUES
   (
      '120003213', 'PADMAPRIYA R N', 'BCSCCS602R03', '6', 'A', 'CSE', 'C130', '1.5', '1', '2', '2', '2', '2', '2', '2', '1', '1.5', '9', '0', '7', '10', '', ''
   )
;
INSERT INTO
   `cia2`(`Reg_no`, `student_name`, `coursecode`, `sem`, `section`, `dept`, `staffid`, `q1`, `q2`, `q3`, `q4`, `q5`, `q6`, `q7`, `q8`, `q9`, `q10`, `q11`, `q12`, `q13a`, `q13b`, `q14a`, `q14b`) 
VALUES
   (
      '120003220', 'PERUR SAI CHARAN', 'BCSCCS602R03', '6', 'A', 'CSE', 'C130', '1', '2', '0', '2', '0', '2', '2', '0', '2', '0', '8', '5', '0', '10', '', ''
   )
;
INSERT INTO
   `cia2`(`Reg_no`, `student_name`, `coursecode`, `sem`, `section`, `dept`, `staffid`, `q1`, `q2`, `q3`, `q4`, `q5`, `q6`, `q7`, `q8`, `q9`, `q10`, `q11`, `q12`, `q13a`, `q13b`, `q14a`, `q14b`) 
VALUES
   (
      '120003227', 'POTTI SAI ANILA SREE', 'BCSCCS602R03', '6', 'A', 'CSE', 'C130', '1', '2', '2', '2', '2', '2', '2', '2', '1', '2', '9', '0', '5', '10', '', ''
   )
;
INSERT INTO
   `cia2`(`Reg_no`, `student_name`, `coursecode`, `sem`, `section`, `dept`, `staffid`, `q1`, `q2`, `q3`, `q4`, `q5`, `q6`, `q7`, `q8`, `q9`, `q10`, `q11`, `q12`, `q13a`, `q13b`, `q14a`, `q14b`) 
VALUES
   (
      '120003229', 'PRAVEENA RAMALINGAM', 'BCSCCS602R03', '6', 'A', 'CSE', 'C130', '2', '2', '2', '1', '1', '2', '2', '0', '1', '1', '9', '0', '5', '9', '', ''
   )
;
INSERT INTO
   `cia2`(`Reg_no`, `student_name`, `coursecode`, `sem`, `section`, `dept`, `staffid`, `q1`, `q2`, `q3`, `q4`, `q5`, `q6`, `q7`, `q8`, `q9`, `q10`, `q11`, `q12`, `q13a`, `q13b`, `q14a`, `q14b`) 
VALUES
   (
      '120003231', 'PULAKANTI SRI VARDHAN REDDY', 'BCSCCS602R03', '6', 'A', 'CSE', 'C130', '1', '1', '0', '0', '1', '0', '0', '0', '0', '0', '8', '0', '6', '10', '', ''
   )
;
INSERT INTO
   `cia2`(`Reg_no`, `student_name`, `coursecode`, `sem`, `section`, `dept`, `staffid`, `q1`, `q2`, `q3`, `q4`, `q5`, `q6`, `q7`, `q8`, `q9`, `q10`, `q11`, `q12`, `q13a`, `q13b`, `q14a`, `q14b`) 
VALUES
   (
      '120003259', 'RENUKA K', 'BCSCCS602R03', '6', 'A', 'CSE', 'C130', '1', '2', '2', '2', '1.5', '2', '2', '2', '1', '2', '7.5', '0', '7', '8', '', ''
   )
;
INSERT INTO
   `cia2`(`Reg_no`, `student_name`, `coursecode`, `sem`, `section`, `dept`, `staffid`, `q1`, `q2`, `q3`, `q4`, `q5`, `q6`, `q7`, `q8`, `q9`, `q10`, `q11`, `q12`, `q13a`, `q13b`, `q14a`, `q14b`) 
VALUES
   (
      '120003265', 'SALIMIDI KAMAL KISHORE REDDY', 'BCSCCS602R03', '6', 'A', 'CSE', 'C130', '1', '0', '2', '1.5', '1.5', '0', '0', '0', '1', '0', '8', '3', '0', '10', '', ''
   )
;
INSERT INTO
   `cia2`(`Reg_no`, `student_name`, `coursecode`, `sem`, `section`, `dept`, `staffid`, `q1`, `q2`, `q3`, `q4`, `q5`, `q6`, `q7`, `q8`, `q9`, `q10`, `q11`, `q12`, `q13a`, `q13b`, `q14a`, `q14b`) 
VALUES
   (
      '120003273', 'SARALA VASUDEVAN', 'BCSCCS602R03', '6', 'A', 'CSE', 'C130', '1', '1.5', '0', '2', '1', '1.5', '0', '0', '1', '0', '10', '0', '4', '7', '', ''
   )
;
INSERT INTO
   `cia2`(`Reg_no`, `student_name`, `coursecode`, `sem`, `section`, `dept`, `staffid`, `q1`, `q2`, `q3`, `q4`, `q5`, `q6`, `q7`, `q8`, `q9`, `q10`, `q11`, `q12`, `q13a`, `q13b`, `q14a`, `q14b`) 
VALUES
   (
      '120003276', 'SARIKA M', 'BCSCCS602R03', '6', 'A', 'CSE', 'C130', '0', '2', '2', '2', '1', '0', '1', '2', '0', '2', '8', '0', '4', '8', '', ''
   )
;
INSERT INTO
   `cia2`(`Reg_no`, `student_name`, `coursecode`, `sem`, `section`, `dept`, `staffid`, `q1`, `q2`, `q3`, `q4`, `q5`, `q6`, `q7`, `q8`, `q9`, `q10`, `q11`, `q12`, `q13a`, `q13b`, `q14a`, `q14b`) 
VALUES
   (
      '120003291', 'SHIYAM V', 'BCSCCS602R03', '6', 'A', 'CSE', 'C130', '0', '2', '0', '0', '0', '0', '2', '2', '0', '0', '6', '0', '4', '7', '', ''
   )
;
INSERT INTO
   `cia2`(`Reg_no`, `student_name`, `coursecode`, `sem`, `section`, `dept`, `staffid`, `q1`, `q2`, `q3`, `q4`, `q5`, `q6`, `q7`, `q8`, `q9`, `q10`, `q11`, `q12`, `q13a`, `q13b`, `q14a`, `q14b`) 
VALUES
   (
      '120003293', 'SHRI HARINA J', 'BCSCCS602R03', '6', 'A', 'CSE', 'C130', '1', '1.5', '2', '2', '0', '2', '2', '2', '1', '2', '7', '0', '8', '3.5', '', ''
   )
;
INSERT INTO
   `cia2`(`Reg_no`, `student_name`, `coursecode`, `sem`, `section`, `dept`, `staffid`, `q1`, `q2`, `q3`, `q4`, `q5`, `q6`, `q7`, `q8`, `q9`, `q10`, `q11`, `q12`, `q13a`, `q13b`, `q14a`, `q14b`) 
VALUES
   (
      '120003294', 'SINDUJA S', 'BCSCCS602R03', '6', 'A', 'CSE', 'C130', '1.5', '1', '2', '0', '2', '2', '1', '0', '0', '0', '8', '10', '4.5', '0', '', ''
   )
;
INSERT INTO
   `cia2`(`Reg_no`, `student_name`, `coursecode`, `sem`, `section`, `dept`, `staffid`, `q1`, `q2`, `q3`, `q4`, `q5`, `q6`, `q7`, `q8`, `q9`, `q10`, `q11`, `q12`, `q13a`, `q13b`, `q14a`, `q14b`) 
VALUES
   (
      '120003298', 'SONALI D', 'BCSCCS602R03', '6', 'A', 'CSE', 'C130', '1', '1.5', '2', '2', '1.5', '1', '1.5', '2', '1.5', '0', '8', '0', '8', '10', '', ''
   )
;
INSERT INTO
   `cia2`(`Reg_no`, `student_name`, `coursecode`, `sem`, `section`, `dept`, `staffid`, `q1`, `q2`, `q3`, `q4`, `q5`, `q6`, `q7`, `q8`, `q9`, `q10`, `q11`, `q12`, `q13a`, `q13b`, `q14a`, `q14b`) 
VALUES
   (
      '120003304', 'SRI HARI P', 'BCSCCS602R03', '6', 'A', 'CSE', 'C130', '1', '1', '2', '1', '0', '1', '2', '2', '1', '2', '8', '3', '0', '7', '', ''
   )
;
INSERT INTO
   `cia2`(`Reg_no`, `student_name`, `coursecode`, `sem`, `section`, `dept`, `staffid`, `q1`, `q2`, `q3`, `q4`, `q5`, `q6`, `q7`, `q8`, `q9`, `q10`, `q11`, `q12`, `q13a`, `q13b`, `q14a`, `q14b`) 
VALUES
   (
      '120003317', 'SUBISH R', 'BCSCCS602R03', '6', 'A', 'CSE', 'C130', '2', '1', '0', '1.5', '0', '0', '0', '2', '1', '1.5', '8', '0', '8', '10', '', ''
   )
;
INSERT INTO
   `cia2`(`Reg_no`, `student_name`, `coursecode`, `sem`, `section`, `dept`, `staffid`, `q1`, `q2`, `q3`, `q4`, `q5`, `q6`, `q7`, `q8`, `q9`, `q10`, `q11`, `q12`, `q13a`, `q13b`, `q14a`, `q14b`) 
VALUES
   (
      '120003323', 'SUSHMETHA S', 'BCSCCS602R03', '6', 'A', 'CSE', 'C130', '1', '1.5', '2', '2', '1.5', '2', '2', '2', '0', '1.5', '8', '0', '2.5', '10', '', ''
   )
;
INSERT INTO
   `cia2`(`Reg_no`, `student_name`, `coursecode`, `sem`, `section`, `dept`, `staffid`, `q1`, `q2`, `q3`, `q4`, `q5`, `q6`, `q7`, `q8`, `q9`, `q10`, `q11`, `q12`, `q13a`, `q13b`, `q14a`, `q14b`) 
VALUES
   (
      '120003324', 'SWAPNIL M KUMBHARE', 'BCSCCS602R03', '6', 'A', 'CSE', 'C130', '1', '2', '0', '0', '1', '0', '0', '2', '0', '2', '10', '0', '4', '6', '', ''
   )
;
INSERT INTO
   `cia2`(`Reg_no`, `student_name`, `coursecode`, `sem`, `section`, `dept`, `staffid`, `q1`, `q2`, `q3`, `q4`, `q5`, `q6`, `q7`, `q8`, `q9`, `q10`, `q11`, `q12`, `q13a`, `q13b`, `q14a`, `q14b`) 
VALUES
   (
      '120003328', 'TADIKONDA PARVATHI LAKSHMI MADHURI', 'BCSCCS602R03', '6', 'A', 'CSE', 'C130', '1', '2', '2', '2', '2', '2', '2', '2', '1', '2', '8', '8', '0', '8', '', ''
   )
;
INSERT INTO
   `cia2`(`Reg_no`, `student_name`, `coursecode`, `sem`, `section`, `dept`, `staffid`, `q1`, `q2`, `q3`, `q4`, `q5`, `q6`, `q7`, `q8`, `q9`, `q10`, `q11`, `q12`, `q13a`, `q13b`, `q14a`, `q14b`) 
VALUES
   (
      '120003329', 'TANAMALA PRASANNA SAIKUMAR REDDY', 'BCSCCS602R03', '6', 'A', 'CSE', 'C130', '1', '2', '2', '2', '2', '2', '2', '2', '1', '1', '6', '0', '7', '10', '', ''
   )
;
INSERT INTO
   `cia2`(`Reg_no`, `student_name`, `coursecode`, `sem`, `section`, `dept`, `staffid`, `q1`, `q2`, `q3`, `q4`, `q5`, `q6`, `q7`, `q8`, `q9`, `q10`, `q11`, `q12`, `q13a`, `q13b`, `q14a`, `q14b`) 
VALUES
   (
      '120003340', 'VAISHNAVI K', 'BCSCCS602R03', '6', 'A', 'CSE', 'C130', '1', '1.5', '2', '1.5', '1', '1', '1', '2', '0', '1', '9', '0', '7', '3', '', ''
   )
;
INSERT INTO
   `cia2`(`Reg_no`, `student_name`, `coursecode`, `sem`, `section`, `dept`, `staffid`, `q1`, `q2`, `q3`, `q4`, `q5`, `q6`, `q7`, `q8`, `q9`, `q10`, `q11`, `q12`, `q13a`, `q13b`, `q14a`, `q14b`) 
VALUES
   (
      '120003341', 'VAISHNAVI V', 'BCSCCS602R03', '6', 'A', 'CSE', 'C130', '1.5', '1.5', '2', '1.5', '0', '1.5', '1', '2', '0', '2', '7', '0', '8', '10', '', ''
   )
;
INSERT INTO
   `cia2`(`Reg_no`, `student_name`, `coursecode`, `sem`, `section`, `dept`, `staffid`, `q1`, `q2`, `q3`, `q4`, `q5`, `q6`, `q7`, `q8`, `q9`, `q10`, `q11`, `q12`, `q13a`, `q13b`, `q14a`, `q14b`) 
VALUES
   (
      '120003343', 'VARSHIGA ANANTH', 'BCSCCS602R03', '6', 'A', 'CSE', 'C130', '1', '2', '2', '0', '1', '2', '2', '2', '1', '1', '5', '0', '3', '10', '', ''
   )
;
INSERT INTO
   `cia2`(`Reg_no`, `student_name`, `coursecode`, `sem`, `section`, `dept`, `staffid`, `q1`, `q2`, `q3`, `q4`, `q5`, `q6`, `q7`, `q8`, `q9`, `q10`, `q11`, `q12`, `q13a`, `q13b`, `q14a`, `q14b`) 
VALUES
   (
      '120003361', 'VIGNESHWER N', 'BCSCCS602R03', '6', 'A', 'CSE', 'C130', '0', '1', '0', '2', '1', '0', '1', '0', '1', '0', '9', '2', '0', '4', '', ''
   )
;
INSERT INTO
   `cia2`(`Reg_no`, `student_name`, `coursecode`, `sem`, `section`, `dept`, `staffid`, `q1`, `q2`, `q3`, `q4`, `q5`, `q6`, `q7`, `q8`, `q9`, `q10`, `q11`, `q12`, `q13a`, `q13b`, `q14a`, `q14b`) 
VALUES
   (
      '120003363', 'VIJAYALAKSHMI P', 'BCSCCS602R03', '6', 'A', 'CSE', 'C130', '2', '2', '2', '2', '2', '1', '1', '2', '1', '2', '8', '0', '4', '10', '', ''
   )
;
INSERT INTO
   `cia2`(`Reg_no`, `student_name`, `coursecode`, `sem`, `section`, `dept`, `staffid`, `q1`, `q2`, `q3`, `q4`, `q5`, `q6`, `q7`, `q8`, `q9`, `q10`, `q11`, `q12`, `q13a`, `q13b`, `q14a`, `q14b`) 
VALUES
   (
      '120003364', 'VINOTH L', 'BCSCCS602R03', '6', 'A', 'CSE', 'C130', '1', '1', '0', '0', '1', '0', '0', '0', '1', '2', '7.5', '0', '4', '4', '', ''
   )
;
INSERT INTO
   `cia2`(`Reg_no`, `student_name`, `coursecode`, `sem`, `section`, `dept`, `staffid`, `q1`, `q2`, `q3`, `q4`, `q5`, `q6`, `q7`, `q8`, `q9`, `q10`, `q11`, `q12`, `q13a`, `q13b`, `q14a`, `q14b`) 
VALUES
   (
      '120003365', 'VINOTHANA K', 'BCSCCS602R03', '6', 'A', 'CSE', 'C130', '1', '2', '0', '2', '2', '2', '2', '2', '1', '0', '4.5', '0', '7.5', '10', '', ''
   )
;
INSERT INTO
   `cia2`(`Reg_no`, `student_name`, `coursecode`, `sem`, `section`, `dept`, `staffid`, `q1`, `q2`, `q3`, `q4`, `q5`, `q6`, `q7`, `q8`, `q9`, `q10`, `q11`, `q12`, `q13a`, `q13b`, `q14a`, `q14b`) 
VALUES
   (
      '120003376', 'YARASURI SRI SAI CHARAN', 'BCSCCS602R03', '6', 'A', 'CSE', 'C130', '0', '0', '2', '0', '0', '0', '0', '0', '0', '0', '4', '0', '0', '5', '', ''
   )
;
UPDATE
   cia2 
set
   CO1 = q3 
where
   staffid = 'C130' 
   AND coursecode = 'BCSCCS602R03';
INSERT INTO
      `cia3`(`Reg_no`, `student_name`, `coursecode`, `sem`, `section`, `dept`, `staffid`, `q1`, `q2`, `q3`, `q4`, `q5`, `q6`, `q7`, `q8`, `q9`, `q10`, `q11`, `q12`, `q13`, `q14`) 
   VALUES
      (
         '120003006',
         'ABOORANI A',
         'BCSCCS602R03',
         '6',
         'A',
         'CSE',
         'C130',
         '2',
         '1',
         '1',
         '1',
         '1.5',
         '2',
         '2',
         '2',
         '1.5',
         '1',
         '0',
         '7',
         '10',
         '6'
      )
;
INSERT INTO
   `cia3`(`Reg_no`, `student_name`, `coursecode`, `sem`, `section`, `dept`, `staffid`, `q1`, `q2`, `q3`, `q4`, `q5`, `q6`, `q7`, `q8`, `q9`, `q10`, `q11`, `q12`, `q13`, `q14`) 
VALUES
   (
      '120003010',
      'AJAY KARTHICK S',
      'BCSCCS602R03',
      '6',
      'A',
      'CSE',
      'C130',
      '2',
      '1.5',
      '1',
      '1',
      '2',
      '2',
      '2',
      '1.5',
      '2',
      '1',
      '8',
      '0',
      '10',
      '6'
   )
;
INSERT INTO
   `cia3`(`Reg_no`, `student_name`, `coursecode`, `sem`, `section`, `dept`, `staffid`, `q1`, `q2`, `q3`, `q4`, `q5`, `q6`, `q7`, `q8`, `q9`, `q10`, `q11`, `q12`, `q13`, `q14`) 
VALUES
   (
      '120003017',
      'ALAMELUMEENAKSHI V',
      'BCSCCS602R03',
      '6',
      'A',
      'CSE',
      'C130',
      '2',
      '0',
      '0',
      '0',
      '2',
      '2',
      '2',
      '2',
      '1.5',
      '0',
      '8.5',
      '0',
      '9',
      '7'
   )
;
INSERT INTO
   `cia3`(`Reg_no`, `student_name`, `coursecode`, `sem`, `section`, `dept`, `staffid`, `q1`, `q2`, `q3`, `q4`, `q5`, `q6`, `q7`, `q8`, `q9`, `q10`, `q11`, `q12`, `q13`, `q14`) 
VALUES
   (
      '120003019',
      'AMBATI BHARGAVI REDDY',
      'BCSCCS602R03',
      '6',
      'A',
      'CSE',
      'C130',
      '1',
      '1',
      '1',
      '1',
      '2',
      '2',
      '2',
      '1.5',
      '1.5',
      '0',
      '10',
      '0',
      '8',
      '7'
   )
;
INSERT INTO
   `cia3`(`Reg_no`, `student_name`, `coursecode`, `sem`, `section`, `dept`, `staffid`, `q1`, `q2`, `q3`, `q4`, `q5`, `q6`, `q7`, `q8`, `q9`, `q10`, `q11`, `q12`, `q13`, `q14`) 
VALUES
   (
      '120003032',
      'ARTHIKA S',
      'BCSCCS602R03',
      '6',
      'A',
      'CSE',
      'C130',
      '0',
      '0',
      '0',
      '0',
      '0',
      '0',
      '0',
      '0',
      '0',
      '0',
      '0',
      '0',
      '0',
      '0'
   )
;
INSERT INTO
   `cia3`(`Reg_no`, `student_name`, `coursecode`, `sem`, `section`, `dept`, `staffid`, `q1`, `q2`, `q3`, `q4`, `q5`, `q6`, `q7`, `q8`, `q9`, `q10`, `q11`, `q12`, `q13`, `q14`) 
VALUES
   (
      '120003033',
      'ARUNKUMAR K',
      'BCSCCS602R03',
      '6',
      'A',
      'CSE',
      'C130',
      '0',
      '2',
      '2',
      '1',
      '2',
      '2',
      '2',
      '2',
      '2',
      '1.5',
      '6',
      '0',
      '10',
      '7.5'
   )
;
INSERT INTO
   `cia3`(`Reg_no`, `student_name`, `coursecode`, `sem`, `section`, `dept`, `staffid`, `q1`, `q2`, `q3`, `q4`, `q5`, `q6`, `q7`, `q8`, `q9`, `q10`, `q11`, `q12`, `q13`, `q14`) 
VALUES
   (
      '120003037',
      'ASHWINI SIVARANJANI R S',
      'BCSCCS602R03',
      '6',
      'A',
      'CSE',
      'C130',
      '1',
      '2',
      '1',
      '1',
      '1',
      '2',
      '2',
      '1.5',
      '1',
      '0',
      '10',
      '0',
      '10',
      '8.5'
   )
;
INSERT INTO
   `cia3`(`Reg_no`, `student_name`, `coursecode`, `sem`, `section`, `dept`, `staffid`, `q1`, `q2`, `q3`, `q4`, `q5`, `q6`, `q7`, `q8`, `q9`, `q10`, `q11`, `q12`, `q13`, `q14`) 
VALUES
   (
      '120003050',
      'BHUVANESHWARI S',
      'BCSCCS602R03',
      '6',
      'A',
      'CSE',
      'C130',
      '2',
      '1.5',
      '2',
      '1.5',
      '1',
      '2',
      '2',
      '1.5',
      '2',
      '1',
      '9.5',
      '0',
      '9',
      '8'
   )
;
INSERT INTO
   `cia3`(`Reg_no`, `student_name`, `coursecode`, `sem`, `section`, `dept`, `staffid`, `q1`, `q2`, `q3`, `q4`, `q5`, `q6`, `q7`, `q8`, `q9`, `q10`, `q11`, `q12`, `q13`, `q14`) 
VALUES
   (
      '120003064',
      'CHEJARLA VENKATA SURYA SAI VARSHINI',
      'BCSCCS602R03',
      '6',
      'A',
      'CSE',
      'C130',
      '0',
      '0',
      '0',
      '0',
      '0',
      '0',
      '0',
      '0',
      '0',
      '0',
      '0',
      '0',
      '0',
      '0'
   )
;
INSERT INTO
   `cia3`(`Reg_no`, `student_name`, `coursecode`, `sem`, `section`, `dept`, `staffid`, `q1`, `q2`, `q3`, `q4`, `q5`, `q6`, `q7`, `q8`, `q9`, `q10`, `q11`, `q12`, `q13`, `q14`) 
VALUES
   (
      '120003077',
      'DEVIREDDY NAGALAKSHMI DURGA NIHARIKA',
      'BCSCCS602R03',
      '6',
      'A',
      'CSE',
      'C130',
      '1',
      '2',
      '1',
      '1.5',
      '2',
      '1',
      '2',
      '1.5',
      '2',
      '0',
      '9.5',
      '0',
      '9.5',
      '8'
   )
;
INSERT INTO
   `cia3`(`Reg_no`, `student_name`, `coursecode`, `sem`, `section`, `dept`, `staffid`, `q1`, `q2`, `q3`, `q4`, `q5`, `q6`, `q7`, `q8`, `q9`, `q10`, `q11`, `q12`, `q13`, `q14`) 
VALUES
   (
      '120003083',
      'DIVYA V',
      'BCSCCS602R03',
      '6',
      'A',
      'CSE',
      'C130',
      '1',
      '2',
      '0',
      '0',
      '2',
      '0',
      '2',
      '1.5',
      '0',
      '0',
      '0',
      '8',
      '9',
      '8.5'
   )
;
INSERT INTO
   `cia3`(`Reg_no`, `student_name`, `coursecode`, `sem`, `section`, `dept`, `staffid`, `q1`, `q2`, `q3`, `q4`, `q5`, `q6`, `q7`, `q8`, `q9`, `q10`, `q11`, `q12`, `q13`, `q14`) 
VALUES
   (
      '120003084',
      'DIVYASSHREE N',
      'BCSCCS602R03',
      '6',
      'A',
      'CSE',
      'C130',
      '1',
      '2',
      '2',
      '1.5',
      '2',
      '2',
      '2',
      '1.5',
      '2',
      '1.5',
      '7',
      '8',
      '0',
      '7.5'
   )
;
INSERT INTO
   `cia3`(`Reg_no`, `student_name`, `coursecode`, `sem`, `section`, `dept`, `staffid`, `q1`, `q2`, `q3`, `q4`, `q5`, `q6`, `q7`, `q8`, `q9`, `q10`, `q11`, `q12`, `q13`, `q14`) 
VALUES
   (
      '120003085',
      'DUGGAMPUDI PHANINDRA REDDY',
      'BCSCCS602R03',
      '6',
      'A',
      'CSE',
      'C130',
      '1',
      '2',
      '0',
      '0',
      '1.5',
      '0',
      '2',
      '1.5',
      '0',
      '0',
      '0',
      '7',
      '8.5',
      '8.5'
   )
;
INSERT INTO
   `cia3`(`Reg_no`, `student_name`, `coursecode`, `sem`, `section`, `dept`, `staffid`, `q1`, `q2`, `q3`, `q4`, `q5`, `q6`, `q7`, `q8`, `q9`, `q10`, `q11`, `q12`, `q13`, `q14`) 
VALUES
   (
      '120003092',
      'GANGANABOINA DIVYA',
      'BCSCCS602R03',
      '6',
      'A',
      'CSE',
      'C130',
      '1',
      '2',
      '1.5',
      '1',
      '1.5',
      '2',
      '2',
      '1.5',
      '1.5',
      '0',
      '0',
      '8.5',
      '9.5',
      '8'
   )
;
INSERT INTO
   `cia3`(`Reg_no`, `student_name`, `coursecode`, `sem`, `section`, `dept`, `staffid`, `q1`, `q2`, `q3`, `q4`, `q5`, `q6`, `q7`, `q8`, `q9`, `q10`, `q11`, `q12`, `q13`, `q14`) 
VALUES
   (
      '120003095',
      'GAYATHRI T C',
      'BCSCCS602R03',
      '6',
      'A',
      'CSE',
      'C130',
      '1',
      '1',
      '2',
      '1',
      '0',
      '1',
      '2',
      '0',
      '2',
      '0',
      '8',
      '7',
      '0',
      '6'
   )
;
INSERT INTO
   `cia3`(`Reg_no`, `student_name`, `coursecode`, `sem`, `section`, `dept`, `staffid`, `q1`, `q2`, `q3`, `q4`, `q5`, `q6`, `q7`, `q8`, `q9`, `q10`, `q11`, `q12`, `q13`, `q14`) 
VALUES
   (
      '120003103',
      'GUDDATI PRANAY DAYAL',
      'BCSCCS602R03',
      '6',
      'A',
      'CSE',
      'C130',
      '0',
      '0',
      '0',
      '0',
      '0',
      '0',
      '0',
      '0',
      '0',
      '0',
      '0',
      '0',
      '0',
      '0'
   )
;
INSERT INTO
   `cia3`(`Reg_no`, `student_name`, `coursecode`, `sem`, `section`, `dept`, `staffid`, `q1`, `q2`, `q3`, `q4`, `q5`, `q6`, `q7`, `q8`, `q9`, `q10`, `q11`, `q12`, `q13`, `q14`) 
VALUES
   (
      '120003108',
      'HARI PRASATH M',
      'BCSCCS602R03',
      '6',
      'A',
      'CSE',
      'C130',
      '1',
      '2',
      '0',
      '1',
      '0',
      '2',
      '2',
      '1.5',
      '2',
      '1',
      '10',
      '0',
      '10',
      '8.5'
   )
;
INSERT INTO
   `cia3`(`Reg_no`, `student_name`, `coursecode`, `sem`, `section`, `dept`, `staffid`, `q1`, `q2`, `q3`, `q4`, `q5`, `q6`, `q7`, `q8`, `q9`, `q10`, `q11`, `q12`, `q13`, `q14`) 
VALUES
   (
      '120003112',
      'HARISH KANNA R G',
      'BCSCCS602R03',
      '6',
      'A',
      'CSE',
      'C130',
      '0',
      '2',
      '0',
      '0',
      '2',
      '1.5',
      '1',
      '1',
      '2',
      '0',
      '8',
      '0',
      '7',
      '5.5'
   )
;
INSERT INTO
   `cia3`(`Reg_no`, `student_name`, `coursecode`, `sem`, `section`, `dept`, `staffid`, `q1`, `q2`, `q3`, `q4`, `q5`, `q6`, `q7`, `q8`, `q9`, `q10`, `q11`, `q12`, `q13`, `q14`) 
VALUES
   (
      '120003116',
      'ILAKKIYAA N S',
      'BCSCCS602R03',
      '6',
      'A',
      'CSE',
      'C130',
      '2',
      '2',
      '2',
      '1.5',
      '2',
      '2',
      '2',
      '2',
      '2',
      '0.5',
      '10',
      '0',
      '9',
      '8'
   )
;
INSERT INTO
   `cia3`(`Reg_no`, `student_name`, `coursecode`, `sem`, `section`, `dept`, `staffid`, `q1`, `q2`, `q3`, `q4`, `q5`, `q6`, `q7`, `q8`, `q9`, `q10`, `q11`, `q12`, `q13`, `q14`) 
VALUES
   (
      '120003120',
      'JANANE R L',
      'BCSCCS602R03',
      '6',
      'A',
      'CSE',
      'C130',
      '1',
      '1',
      '1.5',
      '1.5',
      '2',
      '2',
      '2',
      '1.5',
      '2',
      '0.5',
      '9',
      '0',
      '10',
      '8'
   )
;
INSERT INTO
   `cia3`(`Reg_no`, `student_name`, `coursecode`, `sem`, `section`, `dept`, `staffid`, `q1`, `q2`, `q3`, `q4`, `q5`, `q6`, `q7`, `q8`, `q9`, `q10`, `q11`, `q12`, `q13`, `q14`) 
VALUES
   (
      '120003130',
      'KAMMANA GOWTHAM KUMAR',
      'BCSCCS602R03',
      '6',
      'A',
      'CSE',
      'C130',
      '1',
      '0',
      '2',
      '1',
      '1.5',
      '1',
      '2',
      '2',
      '0',
      '0',
      '10',
      '0',
      '10',
      '4.5'
   )
;
INSERT INTO
   `cia3`(`Reg_no`, `student_name`, `coursecode`, `sem`, `section`, `dept`, `staffid`, `q1`, `q2`, `q3`, `q4`, `q5`, `q6`, `q7`, `q8`, `q9`, `q10`, `q11`, `q12`, `q13`, `q14`) 
VALUES
   (
      '120003131',
      'KANMANI R',
      'BCSCCS602R03',
      '6',
      'A',
      'CSE',
      'C130',
      '1',
      '2',
      '1',
      '1',
      '0',
      '0.5',
      '2',
      '0',
      '0',
      '0',
      '9.5',
      '0',
      '7.5',
      '7.5'
   )
;
INSERT INTO
   `cia3`(`Reg_no`, `student_name`, `coursecode`, `sem`, `section`, `dept`, `staffid`, `q1`, `q2`, `q3`, `q4`, `q5`, `q6`, `q7`, `q8`, `q9`, `q10`, `q11`, `q12`, `q13`, `q14`) 
VALUES
   (
      '120003135',
      'KARANAM JYOTHISWAROOP',
      'BCSCCS602R03',
      '6',
      'A',
      'CSE',
      'C130',
      '0',
      '0',
      '0',
      '0',
      '0',
      '0',
      '0',
      '0',
      '0',
      '0',
      '0',
      '0',
      '0',
      '0'
   )
;
INSERT INTO
   `cia3`(`Reg_no`, `student_name`, `coursecode`, `sem`, `section`, `dept`, `staffid`, `q1`, `q2`, `q3`, `q4`, `q5`, `q6`, `q7`, `q8`, `q9`, `q10`, `q11`, `q12`, `q13`, `q14`) 
VALUES
   (
      '120003143',
      'KEERTHI G',
      'BCSCCS602R03',
      '6',
      'A',
      'CSE',
      'C130',
      '1',
      '2',
      '0',
      '1',
      '2',
      '1.5',
      '2',
      '0',
      '1',
      '1',
      '2',
      '8',
      '7',
      '7.5'
   )
;
INSERT INTO
   `cia3`(`Reg_no`, `student_name`, `coursecode`, `sem`, `section`, `dept`, `staffid`, `q1`, `q2`, `q3`, `q4`, `q5`, `q6`, `q7`, `q8`, `q9`, `q10`, `q11`, `q12`, `q13`, `q14`) 
VALUES
   (
      '120003147',
      'KETHAVARAPU TARUN KUMAR',
      'BCSCCS602R03',
      '6',
      'A',
      'CSE',
      'C130',
      '0',
      '1.5',
      '0',
      '0',
      '2',
      '2',
      '2',
      '1',
      '1.5',
      '0',
      '6',
      '7',
      '0',
      '9'
   )
;
INSERT INTO
   `cia3`(`Reg_no`, `student_name`, `coursecode`, `sem`, `section`, `dept`, `staffid`, `q1`, `q2`, `q3`, `q4`, `q5`, `q6`, `q7`, `q8`, `q9`, `q10`, `q11`, `q12`, `q13`, `q14`) 
VALUES
   (
      '120003150',
      'KIRUBASRI S',
      'BCSCCS602R03',
      '6',
      'A',
      'CSE',
      'C130',
      '0',
      '2',
      '0',
      '0',
      '2',
      '0',
      '2',
      '1.5',
      '0',
      '0',
      '0',
      '9.5',
      '10',
      '8'
   )
;
INSERT INTO
   `cia3`(`Reg_no`, `student_name`, `coursecode`, `sem`, `section`, `dept`, `staffid`, `q1`, `q2`, `q3`, `q4`, `q5`, `q6`, `q7`, `q8`, `q9`, `q10`, `q11`, `q12`, `q13`, `q14`) 
VALUES
   (
      '120003164',
      'LAKSHMANAN S',
      'BCSCCS602R03',
      '6',
      'A',
      'CSE',
      'C130',
      '1',
      '2',
      '1',
      '1',
      '1.5',
      '0.5',
      '0',
      '0',
      '0',
      '0',
      '7',
      '4',
      '0',
      '5'
   )
;
INSERT INTO
   `cia3`(`Reg_no`, `student_name`, `coursecode`, `sem`, `section`, `dept`, `staffid`, `q1`, `q2`, `q3`, `q4`, `q5`, `q6`, `q7`, `q8`, `q9`, `q10`, `q11`, `q12`, `q13`, `q14`) 
VALUES
   (
      '120003168',
      'MADHUMITHA K',
      'BCSCCS602R03',
      '6',
      'A',
      'CSE',
      'C130',
      '0',
      '0',
      '0',
      '0',
      '0',
      '0',
      '0',
      '0',
      '0',
      '0',
      '0',
      '0',
      '0',
      '0'
   )
;
INSERT INTO
   `cia3`(`Reg_no`, `student_name`, `coursecode`, `sem`, `section`, `dept`, `staffid`, `q1`, `q2`, `q3`, `q4`, `q5`, `q6`, `q7`, `q8`, `q9`, `q10`, `q11`, `q12`, `q13`, `q14`) 
VALUES
   (
      '120003185',
      'MITCHELLE FLAVIA JEROME M',
      'BCSCCS602R03',
      '6',
      'A',
      'CSE',
      'C130',
      '0',
      '0',
      '0',
      '0',
      '0',
      '0',
      '0',
      '0',
      '0',
      '0',
      '0',
      '0',
      '0',
      '0'
   )
;
INSERT INTO
   `cia3`(`Reg_no`, `student_name`, `coursecode`, `sem`, `section`, `dept`, `staffid`, `q1`, `q2`, `q3`, `q4`, `q5`, `q6`, `q7`, `q8`, `q9`, `q10`, `q11`, `q12`, `q13`, `q14`) 
VALUES
   (
      '120003186',
      'MOGADAMPALLI JAYANTH',
      'BCSCCS602R03',
      '6',
      'A',
      'CSE',
      'C130',
      '0',
      '0',
      '0',
      '0',
      '0',
      '1.5',
      '2',
      '0',
      '0',
      '0',
      '0',
      '0',
      '9.5',
      '0'
   )
;
INSERT INTO
   `cia3`(`Reg_no`, `student_name`, `coursecode`, `sem`, `section`, `dept`, `staffid`, `q1`, `q2`, `q3`, `q4`, `q5`, `q6`, `q7`, `q8`, `q9`, `q10`, `q11`, `q12`, `q13`, `q14`) 
VALUES
   (
      '120003195',
      'MUNJI AKASH',
      'BCSCCS602R03',
      '6',
      'A',
      'CSE',
      'C130',
      '0',
      '2',
      '2',
      '0',
      '2',
      '2',
      '2',
      '2',
      '0',
      '0',
      '0',
      '5',
      '6.5',
      '8.5'
   )
;
INSERT INTO
   `cia3`(`Reg_no`, `student_name`, `coursecode`, `sem`, `section`, `dept`, `staffid`, `q1`, `q2`, `q3`, `q4`, `q5`, `q6`, `q7`, `q8`, `q9`, `q10`, `q11`, `q12`, `q13`, `q14`) 
VALUES
   (
      '120003197',
      'NAGUBANDI KRISHNA VAMSI',
      'BCSCCS602R03',
      '6',
      'A',
      'CSE',
      'C130',
      '1',
      '1',
      '2',
      '1.5',
      '0',
      '1.5',
      '1',
      '2',
      '2',
      '0',
      '9',
      '0',
      '10',
      '6'
   )
;
INSERT INTO
   `cia3`(`Reg_no`, `student_name`, `coursecode`, `sem`, `section`, `dept`, `staffid`, `q1`, `q2`, `q3`, `q4`, `q5`, `q6`, `q7`, `q8`, `q9`, `q10`, `q11`, `q12`, `q13`, `q14`) 
VALUES
   (
      '120003201',
      'NALLURI SRI RAJA RAJESWARI DEVI',
      'BCSCCS602R03',
      '6',
      'A',
      'CSE',
      'C130',
      '0',
      '1',
      '1.5',
      '1',
      '1',
      '1',
      '2',
      '0',
      '0',
      '0',
      '0',
      '7.5',
      '7.5',
      '4.5'
   )
;
INSERT INTO
   `cia3`(`Reg_no`, `student_name`, `coursecode`, `sem`, `section`, `dept`, `staffid`, `q1`, `q2`, `q3`, `q4`, `q5`, `q6`, `q7`, `q8`, `q9`, `q10`, `q11`, `q12`, `q13`, `q14`) 
VALUES
   (
      '120003204',
      'NARMADHA A',
      'BCSCCS602R03',
      '6',
      'A',
      'CSE',
      'C130',
      '2',
      '2',
      '2',
      '0',
      '2',
      '1',
      '2',
      '2',
      '2',
      '0',
      '0',
      '8',
      '9',
      '8'
   )
;
INSERT INTO
   `cia3`(`Reg_no`, `student_name`, `coursecode`, `sem`, `section`, `dept`, `staffid`, `q1`, `q2`, `q3`, `q4`, `q5`, `q6`, `q7`, `q8`, `q9`, `q10`, `q11`, `q12`, `q13`, `q14`) 
VALUES
   (
      '120003211',
      'NIVEDITHA S K',
      'BCSCCS602R03',
      '6',
      'A',
      'CSE',
      'C130',
      '1',
      '2',
      '0',
      '1',
      '2',
      '2',
      '2',
      '2',
      '1',
      '0',
      '0',
      '8',
      '10',
      '5'
   )
;
INSERT INTO
   `cia3`(`Reg_no`, `student_name`, `coursecode`, `sem`, `section`, `dept`, `staffid`, `q1`, `q2`, `q3`, `q4`, `q5`, `q6`, `q7`, `q8`, `q9`, `q10`, `q11`, `q12`, `q13`, `q14`) 
VALUES
   (
      '120003212',
      'NIVETHA B',
      'BCSCCS602R03',
      '6',
      'A',
      'CSE',
      'C130',
      '2',
      '2',
      '1',
      '1.5',
      '1.5',
      '2',
      '2',
      '2',
      '2',
      '0',
      '0',
      '4',
      '10',
      '8'
   )
;
INSERT INTO
   `cia3`(`Reg_no`, `student_name`, `coursecode`, `sem`, `section`, `dept`, `staffid`, `q1`, `q2`, `q3`, `q4`, `q5`, `q6`, `q7`, `q8`, `q9`, `q10`, `q11`, `q12`, `q13`, `q14`) 
VALUES
   (
      '120003213',
      'PADMAPRIYA R N',
      'BCSCCS602R03',
      '6',
      'A',
      'CSE',
      'C130',
      '1',
      '2',
      '2',
      '2',
      '1',
      '1.5',
      '2',
      '2',
      '1.5',
      '0',
      '10',
      '0',
      '9',
      '8'
   )
;
INSERT INTO
   `cia3`(`Reg_no`, `student_name`, `coursecode`, `sem`, `section`, `dept`, `staffid`, `q1`, `q2`, `q3`, `q4`, `q5`, `q6`, `q7`, `q8`, `q9`, `q10`, `q11`, `q12`, `q13`, `q14`) 
VALUES
   (
      '120003220',
      'PERUR SAI CHARAN',
      'BCSCCS602R03',
      '6',
      'A',
      'CSE',
      'C130',
      '0',
      '0',
      '0',
      '0',
      '0',
      '0',
      '0',
      '0',
      '0',
      '0',
      '0',
      '0',
      '0',
      '0'
   )
;
INSERT INTO
   `cia3`(`Reg_no`, `student_name`, `coursecode`, `sem`, `section`, `dept`, `staffid`, `q1`, `q2`, `q3`, `q4`, `q5`, `q6`, `q7`, `q8`, `q9`, `q10`, `q11`, `q12`, `q13`, `q14`) 
VALUES
   (
      '120003227',
      'POTTI SAI ANILA SREE',
      'BCSCCS602R03',
      '6',
      'A',
      'CSE',
      'C130',
      '1',
      '2',
      '1.5',
      '1.5',
      '2',
      '2',
      '2',
      '2',
      '2',
      '0',
      '0',
      '7',
      '8',
      '7'
   )
;
INSERT INTO
   `cia3`(`Reg_no`, `student_name`, `coursecode`, `sem`, `section`, `dept`, `staffid`, `q1`, `q2`, `q3`, `q4`, `q5`, `q6`, `q7`, `q8`, `q9`, `q10`, `q11`, `q12`, `q13`, `q14`) 
VALUES
   (
      '120003229',
      'PRAVEENA RAMALINGAM',
      'BCSCCS602R03',
      '6',
      'A',
      'CSE',
      'C130',
      '1',
      '2',
      '2',
      '0',
      '2',
      '2',
      '2',
      '2',
      '1',
      '0',
      '0',
      '7',
      '8',
      '7'
   )
;
INSERT INTO
   `cia3`(`Reg_no`, `student_name`, `coursecode`, `sem`, `section`, `dept`, `staffid`, `q1`, `q2`, `q3`, `q4`, `q5`, `q6`, `q7`, `q8`, `q9`, `q10`, `q11`, `q12`, `q13`, `q14`) 
VALUES
   (
      '120003231',
      'PULAKANTI SRI VARDHAN REDDY',
      'BCSCCS602R03',
      '6',
      'A',
      'CSE',
      'C130',
      '1',
      '0',
      '1',
      '0',
      '2',
      '1',
      '2',
      '0',
      '0',
      '0',
      '0',
      '7',
      '9',
      '8'
   )
;
INSERT INTO
   `cia3`(`Reg_no`, `student_name`, `coursecode`, `sem`, `section`, `dept`, `staffid`, `q1`, `q2`, `q3`, `q4`, `q5`, `q6`, `q7`, `q8`, `q9`, `q10`, `q11`, `q12`, `q13`, `q14`) 
VALUES
   (
      '120003259',
      'RENUKA K',
      'BCSCCS602R03',
      '6',
      'A',
      'CSE',
      'C130',
      '1',
      '2',
      '1',
      '1.5',
      '2',
      '2',
      '2',
      '0',
      '0',
      '0',
      '9',
      '0',
      '9',
      '7.5'
   )
;
INSERT INTO
   `cia3`(`Reg_no`, `student_name`, `coursecode`, `sem`, `section`, `dept`, `staffid`, `q1`, `q2`, `q3`, `q4`, `q5`, `q6`, `q7`, `q8`, `q9`, `q10`, `q11`, `q12`, `q13`, `q14`) 
VALUES
   (
      '120003265',
      'SALIMIDI KAMAL KISHORE REDDY',
      'BCSCCS602R03',
      '6',
      'A',
      'CSE',
      'C130',
      '1',
      '1',
      '2',
      '2',
      '1',
      '2',
      '2',
      '0',
      '1',
      '0',
      '9',
      '0',
      '9',
      '8'
   )
;
INSERT INTO
   `cia3`(`Reg_no`, `student_name`, `coursecode`, `sem`, `section`, `dept`, `staffid`, `q1`, `q2`, `q3`, `q4`, `q5`, `q6`, `q7`, `q8`, `q9`, `q10`, `q11`, `q12`, `q13`, `q14`) 
VALUES
   (
      '120003273',
      'SARALA VASUDEVAN',
      'BCSCCS602R03',
      '6',
      'A',
      'CSE',
      'C130',
      '1',
      '2',
      '2',
      '0',
      '1',
      '1',
      '2',
      '2',
      '0',
      '0',
      '0',
      '8.5',
      '9.5',
      '8'
   )
;
INSERT INTO
   `cia3`(`Reg_no`, `student_name`, `coursecode`, `sem`, `section`, `dept`, `staffid`, `q1`, `q2`, `q3`, `q4`, `q5`, `q6`, `q7`, `q8`, `q9`, `q10`, `q11`, `q12`, `q13`, `q14`) 
VALUES
   (
      '120003276',
      'SARIKA M',
      'BCSCCS602R03',
      '6',
      'A',
      'CSE',
      'C130',
      '0',
      '1.5',
      '0',
      '0',
      '0',
      '2',
      '2',
      '1.5',
      '1',
      '0',
      '0',
      '0',
      '9',
      '3'
   )
;
INSERT INTO
   `cia3`(`Reg_no`, `student_name`, `coursecode`, `sem`, `section`, `dept`, `staffid`, `q1`, `q2`, `q3`, `q4`, `q5`, `q6`, `q7`, `q8`, `q9`, `q10`, `q11`, `q12`, `q13`, `q14`) 
VALUES
   (
      '120003291',
      'SHIYAM V',
      'BCSCCS602R03',
      '6',
      'A',
      'CSE',
      'C130',
      '2',
      '2',
      '2',
      '1',
      '2',
      '2',
      '2',
      '1',
      '2',
      '1',
      '9',
      '0',
      '9',
      '6'
   )
;
INSERT INTO
   `cia3`(`Reg_no`, `student_name`, `coursecode`, `sem`, `section`, `dept`, `staffid`, `q1`, `q2`, `q3`, `q4`, `q5`, `q6`, `q7`, `q8`, `q9`, `q10`, `q11`, `q12`, `q13`, `q14`) 
VALUES
   (
      '120003293',
      'SHRI HARINA J',
      'BCSCCS602R03',
      '6',
      'A',
      'CSE',
      'C130',
      '0',
      '0',
      '0',
      '0',
      '0',
      '0',
      '0',
      '0',
      '0',
      '0',
      '0',
      '0',
      '0',
      '0'
   )
;
INSERT INTO
   `cia3`(`Reg_no`, `student_name`, `coursecode`, `sem`, `section`, `dept`, `staffid`, `q1`, `q2`, `q3`, `q4`, `q5`, `q6`, `q7`, `q8`, `q9`, `q10`, `q11`, `q12`, `q13`, `q14`) 
VALUES
   (
      '120003294',
      'SINDUJA S',
      'BCSCCS602R03',
      '6',
      'A',
      'CSE',
      'C130',
      '2',
      '2',
      '2',
      '1',
      '1.5',
      '1',
      '2',
      '2',
      '1.5',
      '0',
      '10',
      '0',
      '10',
      '5'
   )
;
INSERT INTO
   `cia3`(`Reg_no`, `student_name`, `coursecode`, `sem`, `section`, `dept`, `staffid`, `q1`, `q2`, `q3`, `q4`, `q5`, `q6`, `q7`, `q8`, `q9`, `q10`, `q11`, `q12`, `q13`, `q14`) 
VALUES
   (
      '120003298',
      'SONALI D',
      'BCSCCS602R03',
      '6',
      'A',
      'CSE',
      'C130',
      '1',
      '0',
      '0',
      '1',
      '1',
      '1',
      '2',
      '2',
      '1',
      '0',
      '9.5',
      '0',
      '10',
      '7.5'
   )
;
INSERT INTO
   `cia3`(`Reg_no`, `student_name`, `coursecode`, `sem`, `section`, `dept`, `staffid`, `q1`, `q2`, `q3`, `q4`, `q5`, `q6`, `q7`, `q8`, `q9`, `q10`, `q11`, `q12`, `q13`, `q14`) 
VALUES
   (
      '120003304',
      'SRI HARI P',
      'BCSCCS602R03',
      '6',
      'A',
      'CSE',
      'C130',
      '1',
      '1',
      '1',
      '1',
      '1.5',
      '1',
      '2',
      '2',
      '1.5',
      '0',
      '8',
      '0',
      '10',
      '8'
   )
;
INSERT INTO
   `cia3`(`Reg_no`, `student_name`, `coursecode`, `sem`, `section`, `dept`, `staffid`, `q1`, `q2`, `q3`, `q4`, `q5`, `q6`, `q7`, `q8`, `q9`, `q10`, `q11`, `q12`, `q13`, `q14`) 
VALUES
   (
      '120003317',
      'SUBISH R',
      'BCSCCS602R03',
      '6',
      'A',
      'CSE',
      'C130',
      '0',
      '2',
      '0',
      '0',
      '2',
      '0',
      '1',
      '2',
      '0',
      '0',
      '6',
      '7',
      '0',
      '8'
   )
;
INSERT INTO
   `cia3`(`Reg_no`, `student_name`, `coursecode`, `sem`, `section`, `dept`, `staffid`, `q1`, `q2`, `q3`, `q4`, `q5`, `q6`, `q7`, `q8`, `q9`, `q10`, `q11`, `q12`, `q13`, `q14`) 
VALUES
   (
      '120003323',
      'SUSHMETHA S',
      'BCSCCS602R03',
      '6',
      'A',
      'CSE',
      'C130',
      '1',
      '1',
      '2',
      '1.5',
      '1.5',
      '1.5',
      '2',
      '2',
      '2',
      '0',
      '0',
      '7',
      '10',
      '6.5'
   )
;
INSERT INTO
   `cia3`(`Reg_no`, `student_name`, `coursecode`, `sem`, `section`, `dept`, `staffid`, `q1`, `q2`, `q3`, `q4`, `q5`, `q6`, `q7`, `q8`, `q9`, `q10`, `q11`, `q12`, `q13`, `q14`) 
VALUES
   (
      '120003324',
      'SWAPNIL M KUMBHARE',
      'BCSCCS602R03',
      '6',
      'A',
      'CSE',
      'C130',
      '2',
      '2',
      '2',
      '2',
      '2',
      '2',
      '2',
      '2',
      '2',
      '2',
      '0',
      '8',
      '9',
      '8'
   )
;
INSERT INTO
   `cia3`(`Reg_no`, `student_name`, `coursecode`, `sem`, `section`, `dept`, `staffid`, `q1`, `q2`, `q3`, `q4`, `q5`, `q6`, `q7`, `q8`, `q9`, `q10`, `q11`, `q12`, `q13`, `q14`) 
VALUES
   (
      '120003328',
      'TADIKONDA PARVATHI LAKSHMI MADHURI',
      'BCSCCS602R03',
      '6',
      'A',
      'CSE',
      'C130',
      '0',
      '0',
      '0',
      '0',
      '0',
      '0',
      '0',
      '0',
      '0',
      '0',
      '0',
      '0',
      '0',
      '0'
   )
;
INSERT INTO
   `cia3`(`Reg_no`, `student_name`, `coursecode`, `sem`, `section`, `dept`, `staffid`, `q1`, `q2`, `q3`, `q4`, `q5`, `q6`, `q7`, `q8`, `q9`, `q10`, `q11`, `q12`, `q13`, `q14`) 
VALUES
   (
      '120003329',
      'TANAMALA PRASANNA SAIKUMAR REDDY',
      'BCSCCS602R03',
      '6',
      'A',
      'CSE',
      'C130',
      '1',
      '1',
      '2',
      '1',
      '1',
      '1',
      '2',
      '0',
      '1.5',
      '0',
      '0',
      '7',
      '9',
      '6.5'
   )
;
INSERT INTO
   `cia3`(`Reg_no`, `student_name`, `coursecode`, `sem`, `section`, `dept`, `staffid`, `q1`, `q2`, `q3`, `q4`, `q5`, `q6`, `q7`, `q8`, `q9`, `q10`, `q11`, `q12`, `q13`, `q14`) 
VALUES
   (
      '120003340',
      'VAISHNAVI K',
      'BCSCCS602R03',
      '6',
      'A',
      'CSE',
      'C130',
      '1',
      '0',
      '1',
      '1',
      '1',
      '1',
      '2',
      '2',
      '2',
      '0',
      '0',
      '7',
      '9',
      '7'
   )
;
INSERT INTO
   `cia3`(`Reg_no`, `student_name`, `coursecode`, `sem`, `section`, `dept`, `staffid`, `q1`, `q2`, `q3`, `q4`, `q5`, `q6`, `q7`, `q8`, `q9`, `q10`, `q11`, `q12`, `q13`, `q14`) 
VALUES
   (
      '120003341',
      'VAISHNAVI V',
      'BCSCCS602R03',
      '6',
      'A',
      'CSE',
      'C130',
      '1',
      '1',
      '2',
      '1.5',
      '1.5',
      '1',
      '2',
      '1',
      '2',
      '0',
      '9',
      '0',
      '10',
      '6'
   )
;
INSERT INTO
   `cia3`(`Reg_no`, `student_name`, `coursecode`, `sem`, `section`, `dept`, `staffid`, `q1`, `q2`, `q3`, `q4`, `q5`, `q6`, `q7`, `q8`, `q9`, `q10`, `q11`, `q12`, `q13`, `q14`) 
VALUES
   (
      '120003343',
      'VARSHIGA ANANTH',
      'BCSCCS602R03',
      '6',
      'A',
      'CSE',
      'C130',
      '1',
      '1',
      '2',
      '1',
      '2',
      '2',
      '2',
      '0',
      '0',
      '0',
      '7.5',
      '0',
      '7.5',
      '6'
   )
;
INSERT INTO
   `cia3`(`Reg_no`, `student_name`, `coursecode`, `sem`, `section`, `dept`, `staffid`, `q1`, `q2`, `q3`, `q4`, `q5`, `q6`, `q7`, `q8`, `q9`, `q10`, `q11`, `q12`, `q13`, `q14`) 
VALUES
   (
      '120003361',
      'VIGNESHWER N',
      'BCSCCS602R03',
      '6',
      'A',
      'CSE',
      'C130',
      '0',
      '0',
      '0',
      '0',
      '0',
      '0',
      '0',
      '0',
      '0',
      '0',
      '0',
      '0',
      '0',
      '0'
   )
;
INSERT INTO
   `cia3`(`Reg_no`, `student_name`, `coursecode`, `sem`, `section`, `dept`, `staffid`, `q1`, `q2`, `q3`, `q4`, `q5`, `q6`, `q7`, `q8`, `q9`, `q10`, `q11`, `q12`, `q13`, `q14`) 
VALUES
   (
      '120003363',
      'VIJAYALAKSHMI P',
      'BCSCCS602R03',
      '6',
      'A',
      'CSE',
      'C130',
      '1',
      '2',
      '2',
      '1.5',
      '1.5',
      '1',
      '2',
      '0',
      '2',
      '0',
      '9',
      '0',
      '9',
      '8'
   )
;
INSERT INTO
   `cia3`(`Reg_no`, `student_name`, `coursecode`, `sem`, `section`, `dept`, `staffid`, `q1`, `q2`, `q3`, `q4`, `q5`, `q6`, `q7`, `q8`, `q9`, `q10`, `q11`, `q12`, `q13`, `q14`) 
VALUES
   (
      '120003364',
      'VINOTH L',
      'BCSCCS602R03',
      '6',
      'A',
      'CSE',
      'C130',
      '0',
      '0',
      '0',
      '0',
      '0',
      '0',
      '1',
      '2',
      '2',
      '0',
      '0',
      '7',
      '9',
      '8'
   )
;
INSERT INTO
   `cia3`(`Reg_no`, `student_name`, `coursecode`, `sem`, `section`, `dept`, `staffid`, `q1`, `q2`, `q3`, `q4`, `q5`, `q6`, `q7`, `q8`, `q9`, `q10`, `q11`, `q12`, `q13`, `q14`) 
VALUES
   (
      '120003365',
      'VINOTHANA K',
      'BCSCCS602R03',
      '6',
      'A',
      'CSE',
      'C130',
      '1',
      '1',
      '0',
      '0',
      '1.5',
      '1.5',
      '2',
      '0',
      '2',
      '1',
      '0',
      '7',
      '9',
      '8'
   )
;
INSERT INTO
   `cia3`(`Reg_no`, `student_name`, `coursecode`, `sem`, `section`, `dept`, `staffid`, `q1`, `q2`, `q3`, `q4`, `q5`, `q6`, `q7`, `q8`, `q9`, `q10`, `q11`, `q12`, `q13`, `q14`) 
VALUES
   (
      '120003376',
      'YARASURI SRI SAI CHARAN',
      'BCSCCS602R03',
      '6',
      'A',
      'CSE',
      'C130',
      '0',
      '0',
      '0',
      '0',
      '1',
      '1',
      '1',
      '0',
      '0',
      '0',
      '0',
      '7',
      '10',
      '4'
   )
;
UPDATE
   cia3 
set
   CO1 = q1 + q2 + q11 
where
   staffid = 'C130' 
   AND coursecode = 'BCSCCS602R03';
